Nº do pedido,Título,Titular,País de sede do titular,Data de depósito,Resumo
112022003989,SISTEMA E MÉTODO PARA FORNECER UM PROCESSO DE REGISTRO BASEADO EM BLOCKCHAIN,BOSONIC INC,Estados Unidos,2020-09-05,"sistema e método para fornecer um processo de registro baseado em blockchain. são divulgados sistemas e métodos que utilizam vários tipos de ativos únicos e livros razão baseados em blockchain utilizados por uma custódia para emitir uma representação digital de ativos mantidos pela custódia. as entidades de negociação colocam, junto da custódia, os respectivos ativos que estão representados nos livros razão. os blocos de gênese em cada livro razão baseado em blockchain são assinados pela rede de câmbio que fornece a confiança inicial e atua como uma barricada contra um nó invasor de entrar na rede. as entidades de negociação usam a rede de câmbio para acordar um preço e entrar em negociações. as negociações podem incluir um tipo de ativo para outro tipo de ativo. um câmbio atômico é realizado e uma negociação é concluída. as alterações na propriedade do token são registradas automaticamente nos respectivos livros razão de custódia e o resgate ocorre mediante solicitação de uma entidade de negociação, de modo que o livro razão possa ser atualizado na moeda real e movido da custódia para uma conta da entidade de negociação."
112021016005,"RÓTULO DE PRODUTO DE CADEIA ALIMENTÍCIA E MÉTODO DE USO, E SISTEMA IDENTIFICADOR DE CONFIANÇA ALIMENTAR",AVERY DENNISON RETAIL INFORMATION SERVICES LLC,Estados Unidos,2020-02-14,"rótulo de produto de cadeia 
alimentícia e método de uso, e sistema identificador de confiança 
alimentar. sistema de ""cadeia alimentar"" com base em bloco e método para
 rastrear produtos tais como etiquetas rfid e associá-los com outros 
produtos. tal método pode garantir a autenticidade em cada etapa, 
garantindo que a identidade digital de um item físico possa ser 
verificada com precisão. o método pode incluir receber e verificar chips
 de circuito integrado fabricados por um fornecedor confiável, montar os
 chips em um preenchimento de rolo, montar estes em uma caixa de cartão e
 palete e atualizar a cadeia de bloco com rolamento, caixa e códigos de 
palete, tomando a recepção de um indivíduo confiável específico e 
adicionar verificação à cadeia de bloco, e ativar uma identidade 
digital. a informação gps pode ser associada a cada etapa a fim de 
garantir que o produto esteja adequadamente presente em certas 
localizações de fabricação e codificação. uma vez que uma identidade 
digital é produzida para o produto, ela pode ser adicionada a uma cadeia
 de bloco associada, e informações adicionais podem ainda ser 
adicionadas pelo uso subsequente."
112021009000,"MÉTODO IMPLEMENTADO POR COMPUTADOR, E, COMPUTADOR DE ENTIDADE CENTRAL",VISA INTERNATIONAL SERVICE ASSOCIATION,Estados Unidos,2019-11-08,"método implementado por computador, e, computador de entidade central.
são divulgadas técnicas que incluem o recebimento, por um computador da entidade central, de uma solicitação de moeda digital. a solicitação inclui um número de série e uma denominação de uma moeda física. o computador da entidade central gera a moeda digital para a denominação e vinculada ao número de série. a geração inclui o registro da moeda digital em um blockchain. o computador da entidade central transmite uma notificação da geração da moeda digital. o computador da entidade central causa a remoção da moeda física de circulação em um sistema de moeda fiduciária."
112021003852,SISTEMA E MÉTODO PARA CONTRATO INTELIGENTE IMPLEMENTADO POR BLOCKCHAIN MELHORADO,NEURALIA TECHNOLOGIES INC,Canadá,2019-08-28,"sistema e método para contrato inteligente implementado por blockchain melhorado. trata-se de um método e sistema para validar a execução de um contrato inteligente que compreendem armazenar o contrato inteligente dentro de um blockchain que tem pelo menos um bloco de primeira ordem. o contrato inteligente tem um conjunto de cláusulas contratuais definidas eletronicamente, sendo cada uma definida por pelo menos um valor de satisfação, e uma combinação dos valores de satisfação do conjunto de cláusulas contratuais tem um valor de hash adequado para o contrato. um conjunto de uma ou mais transações de segunda ordem armazenadas eletronicamente é lido, em que cada uma tem um subconjunto de um ou mais valores de execução, e é selecionado um subconjunto de transações correspondentes às cláusulas contratuais. um valor de hash de execução da combinação de valores de execução do subconjunto de transações é determinado. um contrato inteligente é considerado como plenamente executável se o valor de hash de execução da combinação de valores de execução do subconjunto de transações combina com o valor de hash adequado do contrato inteligente."
112019011788,MÉTODO PARA O PROCESSAMENTO DE UMA REIVINDICAÇÃO DE DANO DE MERCADORIA E APARELHO PARA O PROCESSAMENTO DE UMA REIVINDICAÇÃO DE DANO DE MERCADORIA,ALIBABA GROUP HOLDING LTD,China,2019-05-29,"a presente invenção se refere a uma ou mais implementações que fornecem um método e um aparelho de reivindicação de mercadoria com base em blockchain e um dispositivo eletrônico. o método pode incluir: os dados de aparência de coleta de uma mercadoria alvo, em que os dados de aparência da mercadoria alvo estão registrados com um banco de dados distribuído da blockchain antecipadamente; a determinação se um evento de dano ocorre na mercadoria alvo com base nos dados de aparência coletados da mercadoria alvo e nos dados de aparência da mercadoria alvo que estão registrados com o banco de dados distribuído antecipadamente; e em caso afirmativo: a invocação de um contrato inteligente correspondente à mercadoria alvo; a execução de uma lógica de reivindicação de danos de mercadoria declarada no contrato inteligente, para concluir uma reivindicação de danos de mercadoria para a mercadoria alvo."
112019008000,"MÉTODO IMPLEMENTADO POR COMPUTADOR PARA A AUTENTICAÇÃO DE UM NOME DE DOMÍNIO, MÉTODO IMPLEMENTADO POR COMPUTADOR, MEIO NÃO TRANSITÓRIO LEGÍVEL POR COMPUTADOR E SISTEMA PARA A IMPLEMENTAÇÃO DE UM MÉTODO",ADVANCED NEW TECHNOLOGIES CO LTD,Ilhas Cayman,2018-11-16,"a presente invenção se refere às implementações que incluem a obtenção, através de um sistema de computação, de uma mensagem unificada de nome de domínio blockchain (um ubcdn) de uma instância blockchain, em que a mensagem de ubcdn inclui um ubcdn da instância blockchain, uma assinatura digital de um proprietário de ubcdn da instância blockchain (um proprietário de ubcdn) em ubcdn e um certificado de domínio de ubcdn; a verificação se o certificado de domínio de ubcdn é emitido por uma autoridade de certificação (ca) confiável utilizando uma chave pública de ca; e a verificação se o ubcdn é emitido pelo proprietário de ubcdn utilizando uma chave pública do proprietário de ubcdn. a mensagem de ubcdn inclui um nome de domínio blockchain e um identificador de cadeia da instância blockchain correspondendo, de maneira única, ao nome de domínio blockchain."
112019016290,"MÉTODO IMPLEMENTADO POR COMPUTADOR, MEIO DE ARMAZENAMENTO NÃO TRANSITÓRIO LEGÍVEL POR COMPUTADOR E SISTEMA",ADVANCED NEW TECHNOLOGIES CO LTD,Ilhas Cayman,2018-12-28,"método implementado por computador, 
meio de armazenamento não transitóriolegível por computadore sistema. a 
presente invenção se refere às implementações desta especificação que 
incluem a identificação de uma pluralidade de transações a serem 
executadas na blockchain, em que as transações são ordenadas em uma 
ordem de execução, em que as transações incluem um ou mais chamados de 
contrato inteligente para os contratos inteligentes, cada uma possui uma
 lista de permissões que identifica uma ou mais contas que estão 
autorizados a executar o contrato inteligente, e em que a ordem de 
execução inclui um chamado de contrato inteligente para um contrato 
inteligente que não possua uma lista de permissões ordenada após a 
pluralidade de transações; a identificação dos grupos de transações 
dentro da pluralidade de transações; a instrução dos nódulos da rede 
blockchain para executar cada um dos grupos de transações em paralelo; a
 determinação que os nódulos da rede blockchain concluíram a execução de
 todos os grupos de transações; e em resposta, a instrução dos nódulos 
da rede blockchain para executar o chamado de contrato inteligente que 
não inclui uma lista de permissões."
112019014847,"MÉTODO IMPLEMENTADO EM COMPUTADOR, MEIO DE ARMAZENAMENTO LEGÍVEL POR COMPUTADOR NÃO TRANSITÓRIO E SISTEMA PARA FORNECER SERVIÇO DE CONTRATO INTELIGENTE",ALIBABA GROUP HOLDING LTD,China,2018-12-13,"implementações do relatório descritivo incluem receber, por um provedor de serviço de contrato inteligente incluindo um ambiente de execução de computação confiável (tee) de um cliente associado a uma rede blockchain alvo, uma solicitação para operar dados cross-chain de uma ou mais redes blockchain diferentes da blockchain alvo, em que o provedor de serviço de contrato inteligente está fora da rede blockchain; enviar, pelo provedor de serviço de contrato inteligente para um provedor de serviço de visitação de dados, um pedido para os dados cross-chain; receber, pelo provedor de serviço de contrato inteligente, os dados cross-chain a partir do provedor de serviço de visitação de dados; gerar, pelo tee, um resultado usando os dados cross-chain; e retornar, pelo provedor de serviço de contrato inteligente, o resultado para o cliente."
112019011823,MÉTODO IMPLEMENTADO POR COMPUTADOR E APARELHO PARA A RECONCILIAÇÃO DE TRANSAÇÃO,ALIBABA GROUP HOLDING LTD,China,2019-05-29,"a presente invenção se refere a uma ou mais implementações da presente invenção para fornecer um método e aparelho de reconciliação de transação de blockchain, e um dispositivo eletrônico. o método pode incluir: a obtenção, por um membro blockchain, de um registro de transação blockchain selecionado a partir de uma blockchain e que satisfaz uma condição especificada. o membro blockchain compara o registro de transação blockchain com um registro de transação off-chain mantido pelo membro blockchain. se o registro de transação off-chain é inconsistente com o registro de transação blockchain é ou não determinado. em resposta a uma determinação de que o registro de transação off-chain é inconsistente com o registro de transação blockchain, o membro blockchain atualiza o registro de transação off-chain com base no registro de transação blockchain."
112019016064,"MÉTODO IMPLEMENTADO POR COMPUTADOR, MEIO DE ARMAZENAMENTO LEGÍVEL E SISTEMA",ALIBABA GROUP HOLDING LTD,China,2018-12-28,"a presente invenção se refere às implementações desta especificação que incluem a identificação de uma pluralidade de transações a serem executadas na blockchain, em que as transações são ordenadas em uma ordem de execução e em que a ordem de execução inclui um chamado do contrato ordenado após a pluralidade de transações; a identificação dos grupos de transações dentro da pluralidade de transações, em que cada transação em cada grupo está associada a uma mesma conta na rede blockchain que as outras transações no grupo; a instrução dos nódulos da rede blockchain para a execução de cada um dos grupos de transações em paralelo, em que a execução de cada grupo de transações inclui a execução das transações dentro do grupo em série e de acordo com a ordem de execução; a determinação que os nódulos da rede blockchain concluíram a execução de todos os grupos de transações; e, em resposta, instruindo os nódulos da rede blockchain para a execução do chamado do contrato."
112019007984,"MÉTODO IMPLEMENTADO POR COMPUTADOR PARA O GERENCIAMENTO DA CHAVE DE SERVIÇO, MEIO LEGÍVEL POR COMPUTADOR E SISTEMA PARA IMPLEMENTAR UM MÉTODO",ALIBABA GROUP HOLDING LTD,China,2018-11-27,"a presente invenção se refere às implementações da presente especificação que fornecem o gerenciamento da chave de serviço para as redes blockchain de consórcio dentro de uma plataforma blockchain como um serviço (baas). a presente invenção ainda se refere às implementações que incluem as ações de recebimento de uma solicitação de chave de serviço de um participante de uma rede blockchain de consórcio provisionada na plataforma baas, determinando que o participante está autorizado para a chave de serviço com base em uma tabela de autorização de serviço que registra os privilégios de participante na rede blockchain de consórcio, fornecendo um pacote de chaves incluindo uma chave privada criptografada da chave de serviço e uma chave pública da chave de serviço e enviando o pacote de chaves ao participante, o participante descriptografando a chave privada da chave de serviço utilizando uma chave pública associada com o participante."
112019011800,"MÉTODO PARA O PROCESSAMENTO DAS TRANSFERÊNCIAS DE ATIVOS, APARELHO PARA O PROCESSAMENTO DE TRANSFERÊNCIAS DE ATIVOS E DISPOSITIVO ELETRÔNICO",ALIBABA GROUP HOLDING LTD,China,2019-05-29,"a presente invenção se refere a um primeiro membro de uma blockchain que obtém um ativo de blockchain transferido por um segundo membro de blockchain que responde a uma solicitação de transferência de ativo de um ativo off-chain, em que o ativo de blockchain é emitido por um ponto de ancoragem na blockchain e retido em uma conta para o segundo membro. quando uma primeira operação de transferência para transferir o ativo de off-chain para um beneficiário de uma conta aberta no primeiro membro falha, uma segunda operação de transferência para o beneficiário é realizada a partir de uma conta própria do primeiro membro. o primeiro membro escreve um aplicativo de estorno de transação para uma transação de transferência de ativo correspondente à solicitação de transferência de ativo na blockchain em um livro contábil blockchain na blockchain. o primeiro membro realiza uma compensação de ativos com o segundo membro para o ativo de off-chain correspondente à segunda operação de transferência."
112019013367,MÉTODO PARA A VERIFICAÇÃO DE CONSENSO E DISPOSITIVO PARA A VERIFICAÇÃO DE CONSENSO,ADVANCED NEW TECHNOLOGIES CO LTD,Ilhas Cayman,2018-04-26,"a presente invenção se refere a um método e dispositivo para a verificação de consenso. um nódulo regulador é responsável por verificar se uma solicitação de transação é válida. se a solicitação de transação for válida, o nódulo regulador gera um resumo com base nos dados especificados nos dados da transação e envia o resumo e os dados não especificados incluídos nos dados da transação para cada nódulo de consenso para a verificação de consenso. cada nódulo de consenso armazena o resumo e os dados não especificados em uma blockchain após a verificação de consenso ser bem-sucedida. como tal, o nódulo de consenso não recebe os dados especificados e, por conseguinte, não armazena os dados especificados na blockchain. como resultado, os dados especificados não estão descritos. além disso, o resumo pode ser utilizado para verificar se os dados especificados que não estão armazenados na blockchain estão adulterados."
112019010751,"MÉTODO DE PROTEÇÃO DE INFORMAÇÃO IMPLEMENTADO POR COMPUTADOR, SISTEMA DE PROTEÇÃO DE INFORMAÇÃO E MÍDIA DE ARMAZENAMENTO NÃO TRANSITÓRIA LEGÍVEL POR COMPUTADOR",ADVANCED NEW TECHNOLOGIES CO LTD,Ilhas Cayman,2018-12-29,"a presente invenção se refere a um método de proteção de informação implementado por computador que compreende: obter uma pluralidade de valores de transação criptografados associados a transações entre uma pluralidade de contas, em que cada um dos valores de transação criptografados é associado a uma das contas que envia ou recebe um dos valores de transação, e a criptografia de cada um dos valores da transação pelo menos oculta se uma conta envia ou recebe um dos valores da transação; gerar uma prova de soma com base nos valores de transação criptografados obtidos, a prova de soma pelo menos indicando que os valores da transação estão equilibrados; e transmitir os valores de transação criptografados e a prova de soma para um ou mais nós em uma rede blockchain para que os nós verificarem as transações."
112019020374,"MÉTODO, MÍDIA DE ARMAZENAMENTO LEGÍVEL POR COMPUTADOR NÃO TRANSITÓRIA E SISTEMA PARA CONSENSO DE BLOCKCHAIN",ADVANCED NEW TECHNOLOGIES CO LTD,Ilhas Cayman,2018-03-26,"um método de consenso de blockchain pode compreender: adquirir dados de transação; e distribuir, de acordo com uma regra de distribuição predefinida, os dados de transação para pelo menos uma unidade de consenso em um conjunto de unidade de consenso, fazendo com que a pelo menos uma unidade de consenso execute o processamento de consenso nos dados de transação distribuídos."
112019019871,"MIDIA DE ARMAZENAMENTO NAO TRANSITORIA LEGIVEL POR COMPUTADOR, METODO E SISTEMA ASSOCIADO A UM PRIMEIRO NO DE BLOCKCHAIN DE UMA REDE DE CONSENSO",ADVANCED NEW TECHNOLOGIES CO LTD,Ilhas Cayman,2018-03-21,"um metodo para verificagao de consenso implementavel por um primeiro no de blockchain em uma rede de consenso pode compreender: receber uma solicitagao de transagao a partir de um cliente e realizar uma primeira verificagao de seguranga na solicitagao de transagao; em resposta a determinagao que a solicitagao de transagao foi aprovada na primeira verificagao de seguranga, armazenar a solicitagao de transagao e transmitir a solicitagao de transagao para cada um dos segundos nos de blockchain na rede de consenso, fazendo com que cada segundo no de blockchain armazene a solicitagao de transagao em resposta ao segundo no de blockchain determinando que a solicitagao de transagao foi aprovada por uma segunda verificagao de seguranga; realizar pre-processamento em pelo menos uma solicitagao de transagao armazenada em resposta a determinagao de que uma condigao predefinida foi satisfeita, para obter e armazenar um bloco pre-processado; e transmitir o bloco pre-processado obtido para os segundos nos de blockchain, fazendo com que os segundos nos de blockchain realizem verificagao de consenso no bloco pre-processado obtido."
112019016831,SISTEMA DE BLOCKCHAIN E MÉTODO E APARELHO DE ARMAZENAMENTO DE DADOS,ALIBABA GROUP HOLDING LTD,China,2018-02-12,"as modalidades do presente pedido revelam um sistema de cadeia de blocos e um método e aparelho de armazenamento de dados. um sistema de cadeia de blocos compreendendo um centro de distribuição, um subsistema que não é de consenso e uma pluralidade de subsistemas de consenso é criado, em que o subsistema que não é de consenso compreende uma pluralidade de nós que não são de consenso, cada um dos subsistemas de consenso compreende uma pluralidade de nós de consenso, e cada um dos subsistemas de consenso é equivalente a uma cadeia de blocos de consórcio contendo a pluralidade de nós de consenso. como resultado, os subsistemas de consenso podem realizar validação de consenso para diferentes campos de transação. por um lado, somente os nós de consenso são responsáveis pela validação de consenso, e os nós que não são de consenso fora dos subsistemas de consenso não podem participar na validação de consenso por uma rede de cadeia de blocos de consórcio, melhorando assim a segurança da rede de cadeia de blocos; por outro lado, o centro de distribuição pode fazer interface com as cadeias de blocos de consórcio, e as entidades que não são de consenso (nós que não (...)."
112019016423,DISPOSITIVOS E MÉTODOS DE PROCESSAMENTO DE DADOS,ADVANCED NEW TECHNOLOGIES CO LTD,Ilhas Cayman,2018-02-07,"as modalidades do presente pedido fornecem um dispositivo e método de processamento de dados. o método inclui: distribuir, para os servidores em um cluster de servidor, dados de nós de folha pré-armazenados em um nó de blockchain, para os servidores no cluster de servidor calcularem as somas de verificação dos dados dos nós de folha distribuídos, respectivamente; e obter, de acordo com as somas de verificação dos dados dos nós de folha calculados pelos servidores no cluster de servidor, uma soma de verificação de raiz de dados no nó de blockchain. as modalidades do presente pedido podem ser usadas para reduzir o tempo gasto por um processo de cálculo de soma de verificação de dados, melhorar a eficiência do cálculo e assegurar a geração normal de blocos e operações normais de uma blockchain."
112019008064,"SISTEMA, MÉTODO E MEIO DE ARMAZENAMENTO PARA APERFEIÇOAR A SEGURANÇA DO CONTRATO INTELIGENTE EM BLOCKCHAIN",ADVANCED NEW TECHNOLOGIES CO LTD,Ilhas Cayman,2018-11-27,"um método implementado por computador para aperfeiçoar a segurança do contrato inteligente compreende: obter uma primeira e uma segunda transações, ambas invocando um contrato inteligente, em que a primeira transação está associada com uma condição de proteção; executar a segunda transação e atualizar um estado atual do contrato inteligente; determinar se o estado atual atualizado do contrato inteligente satisfaz a condição de proteção; em resposta à determinação de que o estado atual atualizado satisfaz a condição de proteção, executar a primeira transação e registrar a segunda e a primeira transações em um bloco de dados para adicionar a um cadeia de blocos; e em resposta à determinação de que o estado atual atualizado não satisfaz a condição de proteção, registrar a segunda transação em outro bloco de dados para adicionar ao cadeia de blocos, sem executar a primeira transação."
112019020120,MÉTODO DE PROCESSAMENTO DE TRANSAÇÕES COM BASE EM BLOCKCHAIN E APARELHO,ALIBABA GROUP HOLDING LTD,China,2018-03-23,"um método de processamento de transações com base em blockchain pode compreender: em resposta a uma conta designada sendo conectada através de um cliente de aplicativo, gerar, de acordo com informações de conta de entrada a ser operada e conteúdo de operação configurado, uma instrução de operação compreendendo as informações da conta a ser operada e o conteúdo da operação; e enviar a instrução de operação para um nó em uma rede de blockchain, fazendo com que o nó na rede de blockchain invoque um contrato inteligente correspondente à conta designada ao receber a instrução de operação e execute uma operação de acordo com o conteúdo da operação em outra conta correspondente a as informações da conta a ser operada."
112021025446,SISTEMA E PROCESSO DE BLOCKCHAIN DE DADOS DE REGISTRO ELETRÔNICO DE SAÚDE,ELECTRONIC HEALTH RECORD DATA INC,Estados Unidos,2020-06-19,"sistema e processo de blockchain de dados de registro eletrônico de saúde. a presente invenção refere-se a um sistema de blockchain de dados de registro eletrônico de saúde (ehr) configurado para permitir que múltiplas entidades (por exemplo, entidades da indústria farmacêutica e provedores de saúde que podem agir como dados, serviço, produto e provedores de serviços e consumidores) para conectar a um blockchain de transação de paciente ehr (por exemplo, ehr-da-ta-bc) e um portal de paciente de dados ehr (por exemplo, ehr-data-pp) para fornecer uma localização centralizada para as mensagens e edições subsequentes, a fim de garantir que dados de mensagem uniformes sejam apresentados. o sistema de blockchain de dados ehr pode incluir uma api de dados ehr, uma api de blockchain de transação de paciente ehr, e um blockchain de transação de paciente ehr. o sistema de blockchain de dados ehr pode fornecer fluxo de trabalho no blockchain que pode utilizar os contratos inteligentes para definir os processos de fluxo de trabalho, resultados esperados e custos financeiros. quando uma transação de prescrição é completada, a mesma resultará no acerto de cada um dos contratos inteligentes que foram adicionados ao fluxo de trabalho da prescrição."
112019014589,MÉTODO DE PROCESSAMENTO DE SERVIÇO E APARELHO,ALIBABA GROUP HOLDING LTD,China,2018-01-19,"a presente invenção refere-se a um método e aparelho de processamento de transações. o método compreende: após um nó de processamento de transação receber uma solicitação de transação enviada por um usuário, de acordo com um tipo de transação de uma transação alvo incluída na solicitação de transação, carregar um modelo de transação correspondente ao tipo de transação e processar a transação alvo de acordo com o modelo de transação. como o nó de processamento de transação pode carregar um modelo de transação que pode processar a transação alvo incluída na solicitação de transação de acordo com a solicitação de transação enviada pelo usuário no processo de processamento de transação, a limitação em blockchain nas tecnologias atuais em que o processamento de transação é fixo e não extensível é quebrado, facilitando assim o processamento de transação baseado em blockchain para o usuário."
112020000043,"MÉTODO, E, SISTEMA.",RIPIO INTERNATIONAL,Argentina,2017-08-10,"trata-se de um sistema que inclui dispositivo de computação de rede de crédito (ou dispositivos de computação de rede de crédito) acoplado a um dispositivo de computação provedor de carteira (ou dispositivos de computação provedores de carteira) e dispositivo de computação de troca de crédito (ou dispositivos de computação de troca de crédito). o dispositivo de computação provedor de carteira (ou dispositivos de computação provedores de carteira) recebe solicitação de crédito de empréstimo que tem termos de crédito do mutuário; gera contrato inteligente que inclui informações em relação a mutuário e termos de crédito; e comunica o contrato inteligente ao dispositivo de computação de rede de crédito (ou dispositivos de computação de rede de crédito). o dispositivo de computação de rede de crédito (ou dispositivos de computação de rede de crédito) recebe indicação de que o cossignatário concorda em coassinar a solicitação de crédito em nome do mutuário; e comunica o contrato inteligente que representa solicitações de crédito ao dispositivo de computação de troca de crédito (ou dispositivos de computação de troca de crédito). o dispositivo de computação de troca de crédito (ou dispositivos de computação de troca de crédito) coloca o contrato inteligente que representa a solicitação de crédito no livro de pedidos. o dispositivo de computação de troca de crédito (ou dispositivos de computação de troca de crédito) recebe do credor o pedido de comercialização de contrato inteligente que representa solicitação de crédito. o dispositivo de computação de troca de crédito (ou dispositivos de computação de troca de crédito) determina se o pedido de comercialização ao credor atende aos termos de crédito do contrato inteligente que representa a solicitação de crédito; e executa o empréstimo entre mutuário, cossignatário e credor quando o pedido de comercialização ao credor atende aos termos de crédito do contrato inteligente que representa a solicitação de crédito."
112019027873,"MÉTODO, MEIO DE ARMAZENAMENTO NÃO-TRANSITÓRIO LEGÍVEL POR COMPUTADOR E APARELHO DE ORDENAÇÃO DE COMPROMISSO DE TRANSAÇÃO BLOCKCHAIN.",INTERNATIONAL BUSINESS MACHINES CORPORATION,Estados Unidos,2018-06-18,"uma função de blockchain pode incluir um ou mais de identificação de uma pluralidade de novas operações para ser cometidos para uma blockchain, determinar se qualquer uma da pluralidade de novas transações compreende uma dependência de dados com uma outra da pluralidade de novas transações e a transmissão de uma pluralidade de mensagens fornecendo validação da pluralidade das novas operações, em resposta à determinação."
112019008171,"MÉTODO IMPLEMENTADO POR COMPUTADOR PARA VALIDAR AS TRANSAÇÕES BLOCKCHAIN COM BASE EM MODELOS DE CONTA, MEIO DE ARMAZENAMENTO LEGÍVEL POR COMPUTADOR E SISTEMA",ALIBABA GROUP HOLDING LTD,China,2018-11-07,"a presente invenção se refere às implementações que incluem o recebimento, por um nódulo de consenso de uma blockchain, de dados de transação e uma assinatura digital dos dados da transação. os dados de transação incluem um valor de compromisso, um número aleatório e uma quantia de transação a ser transferida entre uma conta pública ou uma conta privada do primeiro nódulo de usuário para uma conta pública ou uma conta privada de um segundo nódulo de usuário. o nódulo de consenso verifica a assinatura digital dos dados da transação utilizando uma chave pública do primeiro nódulo do usuário. em seguida, determina que a quantia de transação é válida, se o valor de compromisso estiver correto com base no número aleatório e no esquema de compromisso, e a quantia de transação for inferior ou igual a um saldo entre a conta pública ou a conta privada o primeiro nódulo do usuário antes da transferência da quantia de transação."
112021022937,SISTEMAS E MÉTODOS PARA TRANSAÇÕES DE BLOCKCHAIN COM OFERTA E ACEITAÇÃO,GMO GLOBALSIGN INC,Estados Unidos,2020-05-15,sistemas e métodos para transações de blockchain com oferta e aceitação.  a presente invenção supera o problema de transações de blockchain pseudônimas que impedem a identificação de uma identidade individual ou institucional que depende exclusivamente de um endereço de blockchain de uma parte receptora em uma transação de blockchain. um sistema e método são providos para verificar as transferências em uma transação de blockchain de bitcoin em cadeia usando uma sequência de transações de blockchain de bitcoin que estabelecem e confirmam a identidade de uma ou mais partes da transação.
112019016188,"MÉTODO IMPLEMENTADO POR COMPUTADOR PARA O CONTROLE DO ACESSO AOS CONTRATOS INTELIGENTES, MEIO DE ARMAZENAMENTO LEGÍVEL POR COMPUTADOR NÃO TRANSITÓRIO E SISTEMA",ALIBABA GROUP HOLDING LTD,China,2018-12-28,"a presente invenção se refere às implementações desta especificação que incluem a identificação, através de um nódulo da rede blockchain, de uma solicitação para executar um contrato inteligente armazenado em uma blockchain mantida pela rede blockchain, a solicitação identificando uma conta solicitante que está solicitando a execução do contrato inteligente; a recuperação, através do nódulo, de uma lista de permissões da blockchain associada ao contrato inteligente, a lista de permissões identificando uma ou mais contas que estão autorizadas a executar o contrato inteligente; a determinação, através do nódulo, que a conta solicitante está autorizada a executar o contrato inteligente com base em que a conta solicitante que está incluída na lista de permissões; e em resposta à determinação que a conta solicitante está autorizada a executar o contrato inteligente, a execução, através do nódulo, do contrato inteligente."
112019010235,SISTEMA E MÉTODO PARA REDUZIR FRAUDE EM SEGURO E FINANCIAMENTO COMERCIAIS,VESL PTE LTD,Singapura,2016-12-06,"a invenção se refere a um sistema e método para fornecer seguro e financiamento comercial. o sistema para facilitar seguro e financiamento comercial compreende um controlador central disposto em comunicação com um ou mais bancos de dados para obter eletronicamente informações dos bancos de dados, em que as informações incluem uma fatura; e um concentrador de blockchain conectado operacionalmente ao controlador central para circular as informações do controlador central para uma ou mais plataformas, o concentrador de blockchain capaz de gerar uma saída de resposta de hash com base em uma solicitação da uma ou mais plataformas, em que caso a fatura atenda a pelo menos um critério pré-determinado, o controlador central fornece a fatura para uma seguradora para seguro e para um financiador para financiar a fatura."
112020017132,SISTEMA E MÉTODO DE TRANSAÇÃO DE ATIVO,LAND LAYBY TECHNOLOGIES LTD,Quênia,2018-02-23,"a revelação fornece sistemas e métodos para proteger dados relativos a um ativo, tal como um ativo de terra ou outro ativo. o sistema envolve um livro-razão distribuído que de forma segura e transparente permite transações relacionadas a ativo e registro de dados por usuários autorizados, e inclui adicionalmente um sistema de recompensa e penalidade para encorajar acurácia de usuários."
112021000581,UM SISTEMA E UM MÉTODO PARA ASSINAR TRANSAÇÕES USANDO CHAVES PRIVADAS COM LACUNA DE AR,FUNDACJA BLOCKCHAIN DEVELOPMENT FOUNDATION,Polônia,2018-07-21,"a presente invenção se refere a um sistema para assinar transações. o sistema inclui um primeiro módulo com uma interface de comunicação a uma rede pública; e um controlador para tratar uma transação com uma rede blockchain ou um servidor de transação acessíveis na rede pública. o sistema também inclui um segundo módulo com um gerador de número aleatório; e um controlador seguro para gerar as palavras sementes e as chaves privadas. o sistema inclui adicionalmente um módulo de ponte com um controlador; e um comutador para conectar seletivamente a interface de dados do módulo de ponte tanto na a interface de dados do primeiro módulo quanto na interface de dados do segundo módulo, de maneira tal que a interface de dados do primeiro módulo nunca seja conectada com a interface de dados do segundo módulo."
112018016782,SISTEMA E MÉTODO IMPLEMENTADO POR COMPUTADOR CONFIGURADO PARA CONTROLAR UMA TRANSFERÊNCIA FEITA ATRAVÉS DE UM BLOCKCHAIN,NCHAIN HOLDINGS LTD,Suíça,2016-02-23,"de acordo com uma perspectiva, a invenção fornece uma configuração técnica para calcular, registrar e/ou repartir despesas e/ou gerar rendimento proporcionalmente a posse atual de um ativo. uma ou mais modalidades também compreendem uma técnica nova para gerar subchaves criptográficas. assim, um benefício fornecido pela invenção é que esta permite a distribuição segura de custos e rendimento para um ativo registrado e mantido no blockchain. por sua vez, isso aumenta a capacidade de tais ativos atenderem às necessidades do mundo real de várias entidades, tais como o próprio ativo e investidores. em uma modalidade, a invenção fornece um sistema implementado por computador para controlar uma transferência feita através de um blockchain em respeito a um ativo, sendo que o sistema compreende um ativo com uma pluralidade de chaves criptográficas privadas, cada chave privada sendo associada a um proprietário do ativo; um registro compreendendo uma pluralidade chaves criptográficas públicas em que cada chave pública corresponde a uma chave privada na pluralidade de chaves privadas do ativo e é associada a um hash de script de resgate que pode ser identificado dentro de uma transação em blockchain não gasta; um contrato inteligente compreendendo pelo menos uma regra em relação à geração automatizada de uma ou mais transações em blockchain para permitir uma transferência a ser feita em relação ao ativo; e um agente de computação configurado para avaliar e/ou executar a pelo menos uma regra do contrato inteligente. em algumas modalidades, uma hierarquia de agentes de computação é gerenciada por um agente mestre para desempenhar tarefas relacionadas ao ativo definidas no contrato inteligente. o agente mestre e subordinados se comunicam para executar tarefas discretas."
112017023985,MÉTODO E SISTEMA PARA LIGAÇÃO DE ATIVOS COM BASE EM BLOCKCHAIN ÀS CONTAS DE MOEDA FIDUCIÁRIA,MASTERCARD INTERNATIONAL INC,Estados Unidos,2015-05-21,"a presente invenção refere-se a um método para gerenciar reservas fracionárias de moeda de blockchain que inclui: armazenar, em uma primeira conta central, uma quantidade de moeda fiduciária associada com uma moeda fiduciária; armazenar, em uma segunda conta central, uma quantidade de blockchain associada com uma moeda de blockchain; armazenar uma pluralidade de perfis de conta, cada perfil incluindo uma quantidade de moeda fiduciária, quantidade de moeda de blockchain, identificador de conta e endereço; receber uma mensagem de transação associada com uma transação de pagamento, a mensagem sendo formatada com base em um ou mais padrões e incluindo uma pluralidade de elementos de dados, incluindo um elemento de dados reservado para uso privado incluindo um endereço específico e uma quantidade de transação; identificar um perfil de conta específico que inclui o endereço específico incluído no elemento de dados na mensagem de transação recebida; e atualizar a quantidade de moeda de blockchain incluída no perfil de conta identificado específico com base na quantidade de transação incluída no elemento de dados na mensagem de transação recebida."
102015012783,"SISTEMA PARA IMPLEMENTAR PELO MENOS UMA TRANSAÇÃO DE CRIPTOMOEDA EM UM PONTO DE VENDA USANDO UM TERMINAL MÓVEL, MÉTODO PARA USAR UM SISTEMA PARA IMPLEMENTAR PELO MENOS UMA TRANSAÇÃO DE CRIPTOMOEDA EM UM PONTO DE VENDA USANDO UM TERMINAL MÓVEL E PRODUTO PROGRAMA DE COMPUTADOR",MONI LTD,Finlândia,2014-06-04,"sistema para implementar pelo menos uma transação de criptomoeda em um ponto de venda usando um terminal móvel, método para usar um sistema para implementar pelo menos uma transação de criptomoeda em um ponto de venda usando um terminal móvel e produto programa de computador. um sistema para implementar pelo menos uma transação de criptomoeda em um ponto de venda usando um terminal móvel é provido. o sistema é operável para prover autenticação para implementar a uma ou mais transações de criptomoeda, sendo que o sistema é operável para enviar pelo menos um pedido de autenticação para a pelo menos uma transação de criptomoeda a partir de um terminal de pagamento para um serviço de pagamento hospedado via uma ou mais máquinas de computação virtuais, sendo que o serviço de pagamento é operável para prover um pedido por um código pin no terminal móvel; para enviar o código pin a partir do terminal móvel via um canal seguro para abrir um cofre na uma ou mais máquinas virtuais, sendo que o cofre contém uma ou mais chaves privadas (pki) que são usáveis para autenticar a pelo menos uma transação de criptomoeda; e para confirmar a execução da pelo menos uma transação de criptomoeda para pelo menos o terminal de pagamento."
112017023738,MÉTODO E SISTEMA PARA CONTROLE DE FRAUDE DE TRANSAÇÕES BASEADAS EM BLOCKCHAIN,MASTERCARD INTERNATIONAL INC,Estados Unidos,2015-05-21,"a presente invenção refere-se a um método para vincular transações de blockchain a identidades verificadas de forma privada que inclui: armazenar perfis de conta, cada perfil incluindo dados relacionados a uma conta de transação, incluindo um identificador de conta e dados de conta; receber uma mensagem de transação, a mensagem incluindo um primeiro elemento de dados configurado para armazenar um número de conta pessoal, um segundo elemento de dados configurado para armazenar um identificador de comerciante e um terceiro elemento de dados configurado para armazenar um identificador de rede de blockchain; identificar um primeiro perfil de conta que inclui o número de conta pessoal; identificar um segundo perfil de conta que inclua o identificador de comerciante; receber uma notificação de transação, a notificação indicando uma transação processada usando uma rede de blockchain associada ao identificador de rede de blockchain e incluindo um identificador de transação e um identificador de endereço associado ao primeiro ou ao segundo perfil de conta; e armazenar uma ligação entre o identificador de transação e o identificador de endereço, o número da conta pessoal e/ou o identificador de comerciante."
112018016826,MÉTODO E SISTEMA DE CONTROLE IMPLEMENTADOS POR BLOCKCHAIN,NCHAIN HOLDINGS LTD,Suíça,2016-02-23,"de acordo com a invenção podem ser providos um método e sistema correspondente para controlar o desempenho de um processo conduzido através de um blockchain. o blockchain pode ou não ser o blockchain do bitcoin. o processo pode ser um processo de empréstimo. vantajosamente, a invenção provê um mecanismo que permite que o proprietário final de uma propriedade ou de outros ativos empreste recursos como garantia do ativo, e define de que forma isso pode ser conseguido de uma forma que não exige que o retorno aos investidores(s) seja determinado através do pagamento de juros. isso o torna compatível com formas de financiamento sem juros. a invenção provê um método implementado por blockchain (e sistema correspondente) de incorporação de dados em uma transação de blockchain (tx). o método compreende as etapas de derivar um par criptográfico de chave- pública-chave-privada para os dados; derivar uma assinatura para os dados usando o par de criptografia de chave pública-chave privada; codificar os dados para gerar metadados codificados para os dados. os metadados codificados são transmitidos para o blockchain em uma transação. uma assinatura é recebida e um script a partir de pelo menos um usuário para permitir o acesso aos dados incorporados. o script compreende uma chave pública do signatário. os metadados compreendem um hash dos dados e um indicador para os dados de modo que pode ser localizado. o hash é usado como uma chave primária em uma tabela de pesquisa, onde os dados são armazenados."
112017023984,MÉTODO E SISTEMA PARA INTEGRAÇÃO DE CÂMBIO DE MERCADO E PROCESSAMENTO DO EMISSOR PARA TRANSAÇÕES COM BASE EM BLOCKCHAIN,MASTERCARD INTERNATIONAL INC,Estados Unidos,2015-05-21,"a presente invenção refere-se a um método para autorização de uma transação de blockchain que inclui: armazenar perfis de conta, cada perfil incluindo um identificador de conta, quantidade de aprovação e quantidade de blockchain; receber uma mensagem de transação, a mensagem de transação sendo formatada com base na mensagem de transação padrões e incluindo um primeiro elemento de dados que inclui um identificador de conta específico e um segundo elemento de dados reservado para uso privado que inclui um identificador de rede e quantidade de transação; identificar um perfil de conta específico que inclui o identificador de conta específico; identificar um valor de risco com base na quantidade de transação e pelo menos uma dentre: a quantidade de aprovação e quantidade de blockchain; determinar a autorização de uma transação com base no valor de risco identificado; modificar a mensagem de transação com base na determinação de autorização; e transmitir a mensagem de transação modificada."
112020020986,MÉTODO DE RASTREAMENTO DE PRODUTOS USANDO BASES DE REGISTROS DISTRIBUÍDOS E COMPARTILHADOS E NÚMEROS ALEATÓRIOS GERADOS POR PROCESSOS QUÂNTICOS,ROGERIO PASSY,Brasil,2018-04-10,"método de rastreamento de produtos usando bases de registros distribuídos e compartilhados e números aleatórios gerados por processos quânticos. a presente invenção refere-se a um método de rastreamento de produtos, do qual faz parte um subprocesso de geração e associação de códigos a produtos (100) e um subprocesso de aquisição de produtos (200). dessa forma, o principal objetivo da presente invenção é permitir ao consumidor, por meio de seu smartphone, a identificação direta de produtos falsos, adulterados, roubados ou que contenham qualquer informação fornecida pelo fabricante que impeça a sua venda (tais como defeitos de fabricação, contaminação, prazo de validade, etc.), transformando-o em um elemento ativo de um sistema integrado de controle. assim, o consumidor se torna um terminal de rede totalmente equipado com ferramentas online de comunicação e informação, além de câmeras e outros tipos de sensores, tornando-o um potencial agente de autenticação de produtos e bens em geral. ademais, a presente invenção proporciona um método de validação de encontros (300), capaz de autenticar e validar um encontro entre dois ou mais dispositivos móveis ou entre um dispositivo móvel e um dispositivo fixo. por exemplo, o método (300) pode autenticar o encontro entre duas pessoas por meio de seus smartphones."
112022017833,ESTRUTURA DE DADOS DE BLOCKCHAIN DE ENTRADA DE DADOS CRIPTOGRÁFICOS,RUBIDEX LLC,Estados Unidos,2020-03-04,"estrutura de dados de blockchain de entrada de dados criptográficos. um método para armazenar e transmitir dados com segurança usando uma estrutura de blockchain. a estrutura de blockchain é operada no nó local e por meio de transmissão ssh com um servidor árbitro e infraestrutura em nuvem. o aplicativo local coordena a ordem dos blocos anexados, onde cada bloco é um arquivo simples que usa um respectivo nome de arquivo para indicar a ordem dos blocos. a entrada e a recuperação de dados são executadas quando os dados em texto simples estão disponíveis apenas na memória local, conforme descriptografados por meio de um cliente autorizado. dados gravados em disco apenas como criptografados."
112018016819,MÉTODO E SISTEMAS PARA PROTEGER UM RECURSO DIGITAL CONTROLADO UTILIZANDO UMA TABELA DE DISPERSÃO E LIVRO-RAZÃO DISTRIBUÍDOS E UM BLOCKCHAIN,NCHAIN HOLDINGS LTD,Suíça,2016-02-23,"um método (100) implementado por computador e um sistema (1) para determinar metadados m para proteger um recurso digital controlado, tal como um software de computador, utilizando uma tabela de dispersão distribuída (13) e um livro-razão distribuído através de peer-to-peer (14). este é um blockchain, tal como o blockchain do bitcoin. o método inclui determinar (110) dados associados ao software de computador e determinar (120) um primeiro valor hash com base no software de computador. um segundo valor hash com base nos dados e no software de computador pode ser determinado (130). o método inclui, adicionalmente, enviar 140, através de uma rede de comunicações (5), os dados, o primeiro valor hash e o segundo valor hash a um registro para armazenamento em uma tabela de dispersão distribuída (13). o segundo valor hash pode ser uma chave de um par chave-valor. os dados e o primeiro valor hash podem ser um valor no par chave-valor. metadados (m) que são baseados no segundo valor hash podem ser determinados (150) para armazenamento no livro-razão distribuído através de peer-to-peer (14)."
112019007232,"MÉTODOS IMPLEMENTADOS POR COMPUTADOR PARA PROTEÇÃO DA INFORMAÇÃO, SISTEMAS PARA PROTEÇÃO DA INFORMAÇÃO E MEIO DE ARMAZENAMENTO LEGÍVEL POR COMPUTADOR NÃO TRANSITÓRIO",ADVANCED NEW TECHNOLOGIES CO LTD,Ilhas Cayman,2018-11-27,"trata-se de um método implementado por computador para proteção da informação, o método compreendendo: determinar uma ou mais entradas de dados e uma ou mais saídas de dados para uma transação, em que as entradas de dados são associadas a tipos de dados de entrada, respectivamente, e as saídas de dados são associadas a tipos de dados de saída, respectivamente; criptografar os tipos de dados de entrada e os tipos de dados de saída; comprometer cada um dos tipos de dados de entrada criptografados e dos tipos de dados de saída criptografados com um esquema de compromisso para obter valores de compromisso correspondentes; obter ao menos um parâmetro r baseado ao menos nos valores de compromisso; e enviar a transação a um ou mais nós em uma rede de cadeia de blocos com a revelação do parâmetro r e sem a revelação dos tipos de dados de entrada e tipos de dados de saída aos nós para verificar a consistência entre os tipos de dados de entrada e os tipos de dados de saída."
112019009576,MÉTODO DE PROCESSAMENTO DE DADOS E DISPOSITIVO,ALIBABA GROUP HOLDING LTD,China,2017-05-12,"a presente invenção se refere a um método e dispositivo de processamento de dados com base em blockchain, incluindo o seguinte: comparar um valor de atributo que pode representar a exclusividade de dados de serviço a serem processados com um valor de atributo, armazenado em um nódulo de blockchain, de dados de serviço que foram processados, para determinar se os dados de serviço a serem processados foram processados; e quando é determinado que os dados de serviço a serem processados não foram processados, iniciando o processamento dos dados de serviço a serem processados. por conseguinte, um ataque por repetição efetivamente pode ser evitado. além disso, como os valores de atributos de diferentes dados de serviço são diferentes, um problema em que outros dados de serviço não podem ser processados devido ao bloqueio de um dado de serviço que está sendo processado pode ser evitado. por conseguinte, a eficiência do processamento de dados de serviço em uma rede de blockchain efetivamente é assegurada, e uma taxa de transferência de dados de serviço geral na rede de blockchain é aumentada."
112021011392,PROVA DE TRABALHO PARA APLICAÇÕES BLOCKCHAIN,UNIVERSITY OF YORK,Reino Unido,2018-12-12,"prova de trabalho para aplicações blockchain. métodos, aparelhos de computação, meios legíveis por computador e sistemas são descritos para uso com aplicações blockchain. um servidor de autoridade pode comunicar um pacote de dados a um nó de mineração. o nó de mineração pode receber o pacote de dados a partir do servidor de autoridade, o pacote de dados compreendendo uma pluralidade de conjuntos de dados, cada conjunto de dados compreendendo informações de sinal. o nó de mineração pode analisar o pacote de dados para converter as informações de sinal de cada conjunto de dados em uma saída de dados correspondente. o nó de mineração pode comunicar a pluralidade de saídas de dados a um servidor de autoridade e, mediante verificação da pluralidade de saídas de dados, a pluralidade de saídas de dados pode ser usada no estabelecimento de uma prova de trabalho para anexar um registro de bloco a uma blockchain. os métodos de encriptação e desencriptação podem ser usados para proteger dados de acordo com métodos aqui descritos. em alguns exemplos, as informações de sinal de cada conjunto de dados se referem a uma sequência de polinucleotídeos e a saída de dados correspondente se refere a uma leitura."
112021000341,"DISPOSITIVO RECEPTOR, DISPOSITIVO DE ENVIO, SISTEMA, MÉTODO PARA A RECEPÇÃO DE MENSAGENS AUXILIADO POR COMPUTADOR, MÉTODO PARA O ENVIO DE MENSAGENS AUXILIADOS POR COMPUTADOR E DISPOSITIVO PROVEDOR",SIEMENS AKTIENGESELLSCHAFT,Alemanha,2018-07-11,"""métodos, dispositivos e sistemas para troca de dados entre um sistema de banco de da-dos distribuído e dispositivos"". a presente invenção refere-se a um gateway ou um adaptador de rede que permite que dispositivos antigos ou dispositivos legados sejam conectados a um sistema de banco de dados distribuído, tal como um blockchain, sem ter de alterar qualquer configuração dos dispositivos antigos."
112019008154,"MÉTODO IMPLEMENTADO POR COMPUTADOR, MEIO DE ARMAZENAMENTO LEGÍVEL POR COMPUTADOR E SISTEMA",ALIBABA GROUP HOLDING LTD,China,2018-11-07,"a presente invenção se refere às implementações que incluem a determinação de um primeiro número de um índice correspondente a um de um primeiro um ou mais pares de chave-valores (kvps) de uma merkle patricia tree (mpt) utilizada por uma base de dados de contrato inteligente; determinar, com base no primeiro número do índice, uma primeira chave de um primeiro kvp de um segundo um ou mais kvps de um mapa para percorrer a mpt; determinar um primeiro valor correspondente à primeira chave do primeiro kvp; determinar uma segunda chave de um segundo kvp do segundo um ou mais kvps; e recuperar o segundo valor correspondente à segunda chave do segundo kvp."
112018016805,"MÉTODO E SISTEMA PARA TRANSFERÊNCIA EFICIENTE DE CRIPTOMOEDA ASSOCIADA COM UM PAGAMENTO EM UM BLOCKCHAIN QUE LEVA A UM PAGAMENTO AUTOMATIZADO, MÉTODO E SISTEMA COM BASE EM CONTRATOS INTELIGENTES",NCHAIN HOLDINGS LTD,Suíça,2016-02-23,"a invenção diz respeito a tecnologias de blockchain tais como o blockchain de bitcoin, e a tokenização de ativos ou entidades. isso é particularmente adequado para implementar uma folha de pagamento em uma plataforma de blockchain e compreende um método (100) e sistema (1) de transferência de criptomoeda a partir de um primeiro nó (3) para um segundo nó (7). ambos os nós (3, 7) são associados com uma folha de pagamento e têm um par de criptografia assimétrica respectivo, cada par incluindo uma chave mestre privada e uma chave mestre pública. chaves privadas e públicas respectivamente adicionais podem ser determinadas com base na chave mestre privada, na chave mestre pública e em um valor gerador em cada nó. as chaves privadas e públicas adicionais podem formar uma estrutura hierárquica. um segredo comum pode ser determinado em cada um dos nós (3, 7) com base nas chaves privadas e públicas adicionais. o segredo comum pode ser usado para transmitir informação confidencial com segurança através de uma rede de comunicações (5)."
112018016797,MÉTODO E SISTEMA BASEADO EM COMPUTADOR ORGANIZADO PARA UTILIZAR DE UM BLOCKCHAIN PARA CONTROLAR UMA EXECUÇÃO DE PROCESSO EM UM RECURSO COMPUTACIONAL,NCHAIN HOLDINGS LTD,Suíça,2016-02-23,"a presente invenção diz respeito, em geral, a implementações de blockchain e é adequada para, mas não limitada à utilização com o blockchain do bitcoin. ela pode ser usada para a implementação de processos automatizados, tais como controle de dispositivo/sistema, controle de processo, computação e armazenamento distribuídos e outros. a invenção provê uma solução que usa um blockchain para controlar uma execução de processo em um recurso computacional. em uma modalidade preferencial, o recurso computacional, executando simultânea e paralelamente à blockchain, gerencia a operação com base em laço. o recurso computacional monitora continuamente o estado do blockchain, bem como quaisquer outros dados ou fonte de entrada fora do blockchain. a execução do laço é influenciada pelo estado do blockchain. cada iteração do laço que é executada pelo recurso computacional é registrada em uma transação que é escrita no blockchain. ela é armazenada como um hash dentro dos metadados da transação. se o recurso computacional encontrar uma transação que contém um hash relacionado ao laço, ele acessa a porção relevante do código. o laço contém uma instrução condicional que possibilita que o recurso computacional decida qual ação tomar. a condição pode ser dependente do estado do blockchain ou qualquer outra fonte de dados. a ação pode ser qualquer tipo de ação, na ou fora do blockchain. assim, a combinação do recurso computacional e do blockchain proveem uma solução que é (pelo menos parcialmente) turing completa."
112020006407,BLOCKCHAINS CREDENCIADAS POR MENSAGEM,ALGORAND INC,Estados Unidos,2017-09-28,"em um sistema de transação em que transações são organizadas em blocos, um novo bloco br de transações válidas é construído, em relação a uma sequência de blocos anteriores b0, b1,..., br~1, ao fazer uma entidade determinar uma quantidade q dos blocos anteriores, fazer uma entidade usar uma chave secreta a fim de computar uma série s exclusivamente associada a q e à entidade, fazer a entidade computar a partir de s uma quantidade t que é a própria s, uma função de s e/ou valor de hash de s, fazer a entidade determinar se t possui uma dada propriedade, e, se t possuir a dada propriedade, fazer a entidade sinalizar digitalmente br e disponibilizar s e uma versão digitalmente sinalizada de br, em que a entidade é selecionada com base em um valor aleatório que varia de acordo com uma assinatura digital de br."
112018016815,MÉTODO PARA GESTÃO E REGISTRO AUTOMÁTICO PARA CONTRATOS INTELIGENTES APLICADOS ATRAVÉS DE BLOCKCHAIN,NCHAIN HOLDINGS LTD,Suíça,2016-02-23,"a invenção diz respeito aos campos de tokenização, blockchain e tecnologias de contratos inteligentes. fornece-se uma configuração técnica que simplifica a gestão automatizada dos contratos. a invenção compreende um método e um sistema que usam um repositório baseado em computador para armazenamento do contrato. o contrato é, em seguida, representado por uma transação no blockchain. os metadados dentro do script da transação incluem um hash do contrato e um meio para identificar sua localização dentro do repositório. a transação também inclui uma saída não gasta (utxo) que indica seu status como um contrato aberto (isto é, não rescindido). o contrato é rescindido ao se gastar a saída em um momento posterior, por exemplo, usando nlocktime + checklocktimeverify (cltv). ao se combinar este conceito com outras técnicas e componentes de computação, a invenção pode fornecer um mecanismo eficaz para implementar várias tarefas, tais como continuar ou renovar o contrato, ou dividir ele em subcontratos ou condições. adicionalmente, visto que o status e a existência do contrato é evidente através do blockchain, isto fornece um registro permanente do contrato visível publicamente e não alterável."
102016016599,LENDING PROCESSING SYSTEM WITH USE OF A DIGITAL ASSET OF BOOK REASON DISTRIBUTED,BITPAGOS INC,Argentina,2015-06-16,"são fornecidos sistemas, métodos e mídias legíveis por computador para um serviço de processamento de empréstimo que utiliza ativo digital de livro-razão distribuído."
112019023190,CRIAÇÃO DE GRUPOS DE CORRESPONDÊNCIA E TROCA DE DADOS PROTEGIDOS USANDO BLOCKCHAIN,IBM,Estados Unidos,2017-05-04,"um método, sistema de computação e produto de programa de computador são fornecidos. um primeiro sistema de entidades que armazena informação sensível associada com diferentes entidades aplica uma função hash a uma porção da informação sensível para produzir valores de hash. informação de transação que pertence às transações realizadas em sistemas de entidades é armazenada dentro de uma base de dados de blockchain acessível para os sistemas de entidades. a informação de transação inclui valores de hash correspondendo com entidades associadas a partir dos sistemas de entidades. os valores de hash do primeiro sistema de entidades são comparados com os valores de hash a partir de outros dos sistemas de entidades para determinar sistemas de entidades contendo informação que pertence às mesmas entidades. a informação sensível para uma entidade do primeiro sistema de entidades é trocada com os determinados sistemas de entidades contendo informação para aquela entidade."
112018011775,MÉTODO E SISTEMA DE USO DE ASSINATURAS DIGITAIS PARA ASSINAR TRANSAÇÕES DE BLOCKCHAIN,MASTERCARD INTERNATIONAL INC,Estados Unidos,2015-12-21,"a presente invenção refere-se a um método de uso de assinaturas digitais para assinar transações de blockchain que inclui: gerar um par de chaves de domínio que compreende uma chave de domínio privada e uma chave de domínio pública, onde a chave de domínio pública é assinada após sua geração; receber uma pluralidade de chaves públicas de membros, no qual cada chave pública de membro é recebida a partir de um membro associado de uma rede blockchain e é uma chave pública em um par de chaves que compreende uma chave pública de membro e uma chave privada de membro correspondente ao membro associado; assinar cada chave pública de membro usando a chave de domínio privada; receber um bloco de transações a partir de um membro específico da rede blockchain, no qual o bloco de transações inclui uma pluralidade de valores de transações de blockchain e uma função hash assinada usando a chave privada de membro correspondente ao membro específico; assinar o bloco de transações recebidas usando a chave de domínio privada; e transmitir o bloco de transações assinadas."
112020007864,DISPOSITIVOS E MÉTODOS DE GERENCIAMENTO DE ATIVOS,SAFEFLIGHTS INC D B A 14BIS SUPPLY TRACKING,Estados Unidos,2017-10-25,"sistemas, dispositivos e métodos para monitorar e gerenciar peças, recursos corporativos e outros ativos e aliviar riscos em um ambiente de colaboração complexo são fornecidos. um dispositivo com um sistema de controle baseado em hardware e software varre e/ou grava informações exclusivas relacionadas a ativos em uma pluralidade de etiquetas químicas, eletromagnéticas ou de suporte de dados gravados no ativo ou sobre um ativo para uso em um processo de fabricação, de manutenção e/ou de rastreamento. um sistema registra essas informações específicas de ativos (por exemplo, usando rede(s) segura(s) e/ou blockchain), fornecendo acesso e modificação posteriores por vários usuários confiáveis, para rastrear e controlar questões relevantes para fatores de fabricação, manutenção ou outros fatores. um sistema de planejamento de recursos corporativos gera informações para o sistema de controle e recebe informações do sistema de controle reconciliando as alterações nos dados."
112023020766,GERAÇÃO DE CHAVES DE BLOCKCHAIN,DABCO LTD,Reino Unido,2021-04-09,"geração de chaves de blockchain. método e para registrar transações em um livro-razão distribuído, em que o método compreende as etapas de gerar um par de chaves privada e pública usando um miniaplicativo de um uicc dentro de um dispositivo. armazenar o par de chaves pública e privada gerado no uicc. derivar da chave pública do par de chaves pública e privada gerado um identificador. adicionar uma ou mais transações a um bloco de um livro-razão distribuído, em que a uma ou mais transações são identificadas usando o identificador derivado."
112021004110,"GERAÇÃO, APLICAÇÃO E VERIFICAÇÃO DE CÓDIGO DE RASTREAMENTO COM O USO DA TECNOLOGIA BLOCKCHAIN",HURU SYSTEMS LTD,Reino Unido,2018-09-04,"trata-se de um sistema de computação 
que inclui um primeiro par (901a) que gera (911) uma chave criptográfica
 para cada um dentre uma pluralidade de pares que permite a um par 
acessar um livro-razão distribuído. o primeiro par (901a) gera (903) uma
 pluralidade de códigos de rastreamento (902a) e insere o primeiro bloco
 (ou blocos) no livro-razão distribuído que inicia um ciclo de vida e 
torna cada código visível para os pares. um segundo par (901b) imprime 
cada código em um artigo físico correspondente, insere o (902b) segundo 
bloco (ou blocos) no livro-razão distribuído registrando essa impressão e
 insere o terceiro bloco (ou blocos) no livro-razão distribuído, o que 
indica que a custódia (904b) dos códigos de rastreamento foi transferida
 para um terceiro par (901c). o terceiro par (901c) insere quarto bloco 
(ou blocos) no livro-razão distribuído indicando que o recebimento de 
custódia (904c, 904d) dos códigos de rastreamento e seus artigos físicos
 correspondentes do segundo par (901b) foi confirmado pelo terceiro par 
(901c)."
112021001994,MÉTODO E SISTEMA PARA PROVA DE ELEIÇÃO EM UM BLOCKCHAIN,NEURALIA TECHNOLOGIES INC,Canadá,2018-08-02,"método e sistema para comprovação de eleição em um
blockchain. métodos, sistemas e mídia legível por computador para prova de eleição em um blockchain são fornecidos. de acordo com um aspecto, os métodos, sistemas e mídia legível por computador incluem : a) publicar um bloco em uma rede blockchain, dito bloco incluindo pelo menos um critério para selecionar um ator eleito com base em uma candidatura eleitoral única ; b) receber mensagens de confirmação eleitoral de um ou mais atores, incluindo as referidas mensagens de confirmação eleitoral a candidatura eleitoral única e uma ou mais transações eleitas por um ou mais atores; c) aplicação de pelo menos um critério para validação de atores eleitos com base na candidatura eleitoral única; e d) publicar um bloco subsequente na rede blockchain, incluindo o referido bloco subsequente uma ou mais transações nas mensagens de confirmação de eleição recebidas dos atores eleitos."
112023020845,MICROTRANSAÇÕES DE BLOCKCHAIN,DABCO LTD,Reino Unido,2021-04-09,"microtransações de blockchain. trata-se de método e sistema para executar transações seguras, em que o método compreende as etapas de iniciar um canal de comunicação seguro entre um dispositivo que tem um uicc e um servidor, em que o canal de comunicação seguro é protegido usando o uicc. receber no servidor do dispositivo através do canal de comunicação seguro uma instrução para executar uma transação. em resposta à instrução recebida, transmitir a partir do servidor para um livro-razão distribuído uma solicitação para executar a transação. em resposta à solicitação, assinar a transação no livro-razão distribuído usando um par de chaves pública e privada armazenado no livro-razão distribuído."
112020020929,ETIQUETA ELETRÔNICA SEMIATIVA AUTOALIMENTADA COM CAPACIDADE DE PROCESSAMENTO AUTÔNOMO CONFIGURADA PARA REALIZAR UM PROCEDIMENTO DE COMUNICAÇÃO E USO DA ETIQUETA ELETRÔNICA SEMIATIVA AUTOALIMENTADA,YOCTO TECHNOLOGIES S L,Espanha,2018-04-13,"trata-se de uma etiqueta eletrônica semiativa autoalimentada com capacidade de processamento autônomo e seu procedimento de comunicação que consiste em um dispositivo eletrônico de autoalimentação eletromagnético semiativo (nanochip) (sem o uso de baterias). o mesmo tem capacidade de processamento autônomo e intercomunicação bidirecional direta com outro dispositivo do mesmo tipo e com comunicação por wifi, bluetooth, (ou similar) com a internet (lot) para conexão por meio de wifi/bluetooth, ou similar, à internet com blockchain. o mesmo tem a capacidade para identificar transações de máquina para máquina ou de máquina para usuário, desenvolvidas com técnicas de nanotecnologia aplicáveis a qualquer produto industrial e até mesmo seres vivos e cujo processo é executado em três estágios. o mesmo tem a capacidade para gerar sua própria cadeia de custódia, processar e transmitir informações e notificações entre as etiquetas e entre estas e as redes autorizadas."
102023014511,BANCO DE VOZ E FACE PARA RESTRINGIR FUTURA FRAUDE DE CONTEÚDO POR INTELIGÊNCIA ARTIFICIAL,AVAYA MANAGEMENT L P,Estados Unidos,2022-07-19,"banco de voz e face para restringir futura fraude de conteúdo por inteligência artificial. um método para processar conteúdo multimídia para autenticação e autenticar o conteúdo multimídia inclui registrar um evento agendado, criar um mapeamento entre o evento agendado e um registrante do evento agendado e em resposta à criação do mapeamento entre o evento agendado e o registrante, emitir uma solicitação para adicionar um bloco em uma blockchain para o mapeamento. o método também inclui, em resposta à solicitação, receber um identificador de bloco, gerar um código de início para um ou mais esquemas de modulação com base no identificador de bloco, receber conteúdo multimídia gerado com base no evento agendado e modificar o conteúdo multimídia com base nos um ou mais esquemas de modulação para distribuição do conteúdo multimídia."
112021004629,MÉTODO PARA CRIAR UMA IDENTIDADE DIGITAL EM BLOCKCHAIN COM BASE EM UMA ASSINATURA ELETRÔNICA,SIGNE S A NODALBLOCK S L,Espanha,2018-09-12,"método para criar identidade digital em blockcjain com base em uma assinatura eletrônica.
a invenção se refere a um método, baseado em uma assinatura eletrônica, para a criação de uma identidade digital em cadeia de blocos (blockchain), compreendendo a geração da identidade digital em que uma identidade digital em cadeia de blocos qualificada é criada pela fusão da identidade digital em cadeia de blocos com a assinatura eletrônica usada em cada transação de cadeia de blocos, de modo a que essa identidade digital possa ser validada."
112021011165,USO DE PROTOCOLOS DE BLOCKCHAIN VIRTUAIS PARA IMPLANTAR UMA TROCA ELETRÔNICA JUSTA,ALGORAND INC,Estados Unidos,2018-12-10,uso de protocolos de blockchain virtuais para implantar uma troca eletrônica justa. trata-se de métodos para um protocolo de blockchain virtual que incluem gerar uma chave pública e uma chave privada para transmitir uma mensagem de um remetente para um destinatário. o remetente criptografa a mensagem com o uso da chave pública e de uma chave criptográfica do destinatário para gerar uma primeira carga útil de dados. o remetente assina uma função hash da primeira carga útil de dados com o uso de uma chave criptográfica do remetente para gerar uma segunda carga útil de dados. o remetente transmite a primeira carga útil de dados e a segunda carga útil de dados para o destinatário. o remetente recebe uma versão assinada da segunda carga útil de dados assinada com o uso da chave criptográfica do destinatário. o remetente determina que a versão assinada da segunda carga útil de dados foi postada a um blockchain. o remetente posta a chave privada ao blockchain.
102018069615,"EQUIPAMENTO, SISTEMA E PROCESSO DE RASTREABILIDADE, MONITORAMENTO E CERTIFICAÇÃO DA CADEIA DO LEITE E DERIVADOS",BELFORT VILLELA DE ANDRADE ALEXANDRE CASTRO FROTA DE VASCONCELOS EDUARDO FRANKLIN SECCHIN GUILHERME VIEIRA NETO HAROLDO COELHO GUERRA LEONARDO MARCO TULIO DE OLIVEIRA RAPOSO,Brasil,2018-09-25,"a presente invenção diz respeito à área de rastreamento e certificação da cadeia do leite e descreve um equipamento, presente dentro de um invólucro, que compreende uma placa de circuito impresso dotada de microcontrolador (2), memória (3), conexão sem fio (4), sensores (1), tecnologias de radiofrequência de longo alcance (5) e sistema de posicionamento gps. adicionalmente, a presente invenção descreve um sistema integrado de hardware/software para o rastreamento, monitoramento e certificação em tempo real da cadeia do leite através de tecnologias de informação, comunicação e geolocalização, compreendendo: equipamento objeto da presente invenção; conexão sem fio (4); tecnologia de radiofrequência de longo alcance (5); dispositivo móvel de comunicação (6); sistema de comunicação de dados via infraestrutura de telefonia celular; internet (7); tecnologia blockchain; aplicativo de celular; plataforma web; sistema de posicionamento gps e dashboard, a fim de automatizar e informatizar o processo de coleta de informações da cadeia do leite de ponta a ponta, de modo a aumentar a eficiência da produção de leite e qualidade dos produtos derivados. adicionalmente, a presente invenção diz respeito a um processo para o rastreamento, monitoramento e certificação em tempo real da cadeia do leite."
102023007896,AUTORIZAÇÃO E VERIFICAÇÃO DE TRANSAÇÃO ATRAVÉS DE CADEIA DE CUSTÓDIA COM BASE EM LIVRO RAZÃO DISTRIBUÍDO,BANQU INC,Estados Unidos,2022-04-28,"autorização e verificação de transação através de cadeia de custódia com base em livro razão distribuído. a presente invenção refere-se a sistemas, métodos e meio de computador para autenticação e verificação de transações utilizando uma cadeia de custódia com base em livro razão distribuído. um crédito negociável pode ser gerado que representa o estabelecimento de um bem físico que é atrelado a uma geolocalização. uma cadeia de custódia descentralizada para o crédito negociável pode ser estabelecida em um livro razão distribuído. a cadeia de custódia descentralizada pode incluir informação que descreve o estabelecimento do bem físico, a geolocalização do bem físico, e a informação de transação, das transações que envolvem o bem físico. as transações envolvendo o crédito negociável podem ser autorizadas utilizando-se a cadeia de custódia descentralizada, e a informação de transação, para tais transações, também pode ser armazenada no livro razão distribuído como parte da cadeia de custódia descentralizada."
102020009344,"SISTEMA E MÉTODO PARA REGISTRO, ANÁLISE, ARMAZENAMENTO E RECUPERAÇÃO DE EVIDÊNCIAS DIGITAIS BASEADOS EM CONTRATOS INTELIGENTES COM BLOCKCHAIN PARA COMPOSIÇÃO DE CADEIA DE CUSTÓDIA DIGITAL",CRISTIANO PETRONI RODRIGO FRANCO GONCALVES,Brasil,2020-05-12,"sistema e método para registro, análise, armazenamento e recuperação de evidências digitais baseados em contratos inteligentes com blockchain para composição de cadeia de custódia digital. a presente invenção consiste em um sistema computacional e método no qual considera-se, especialmente, mas não exclusivamente, atividades que auxiliares da justiça e policial conhecidos como peritos e envolve a coleta de evidências digitais de equipamentos computacionais ou eletrônicos que são vinculadas a processos para formação de cadeia de custódia digital onde, posteriormente, entidades responsáveis geram seus respectivos contratos inteligentes (smart contracts) e posteriormente disponibilizam em rede dlt (distributed ledger technology) blockchain permissionada. este sistema e método possibilita desburocratizar e agilizar trâmites jurídicos, policiais, cartorários, ou processuais em geral, assegurando a validade legal, o registro probatório inviolável e a transparência requerida para a formação de uma cadeia de custódia digital e seus eventuais acessos por pessoas autorizadas, além da rastreabilidade, imutabilidade e garantia da integridade das informações."
102023013015,MÉTODO PARA FORNECER SERVIÇOS STABLECOIN ATRAVÉS DA REDE BLOCKCHAIN E DO SISTEMA BLOCKCHAIN UTILIZANDO O MESMO,WEMADE CO LTD,Coreia do Sul,2022-09-29,"é apresentado um método para fornecer serviços de stablecoin através da rede blockchain. o método inclui as etapas de: (a) emitir n*m stablecoins de segundo tipo para fornecê-las ao pool de liquidez; e (b) instruir o estabilizador a retirar j stablecoins de primeiro tipo da carteira eletrônica do tesouro para a carteira eletrônica do estabilizador, trocar as j stablecoins de primeiro tipo retiradas por j*i stablecoins de segundo tipo de acordo com a relação de troca i e queimar as j*m stablecoins de segundo tipo, ou emitir k stablecoins de segundo tipo para a carteira eletrônica do estabilizador por meio de minter e trocar as k stablecoins de segundo tipo emitidas por k/i stablecoins de primeiro tipo de acordo com a relação de troca i e para depositar j*|i-m | stablecoins de segundo tipo na carteira eletrônica do estabilizador, ou depositar k/i stablecoins de primeiro tipo na carteira eletrônica do tesouro, emitir k*|1/i-1/m|*m stablecoins de segundo tipo na carteira eletrônica do estabilizador por meio do minter e depositar as stablecoins de segundo tipo k*|1/i-1/m|*m emitidas na carteira eletrônica do estabilizador."
102019019816,SISTEMA DE EMISSÃO E VALIDAÇÃO DE DOCUMENTOS MÉDICOS EM REDE DISTRIBUÍDA,EDUARDO PIRES DE SOUZA RAPHAEL DA SILVA RAMALHO,Brasil,2019-09-23,"sistema de emissão e validação de documentos médicos em rede distribuída. sistema para emissão e validação de documentos médicos em rede distribuída caracterizado por fazer uso de um módulo de entrada que recebe e codifica informações de saúde, um módulo de identificação que atribui a cada documento recebido do módulo de entrada um código identificador único (ciu), um módulo de armazenamento, em base distribuída, por cadeia de blocos de informações, de cada documento juntamente com o seu respectivo ciu, um módulo de verificação que agrega diversas informações com vistas a verificar se um documento apresentado é de fato correspondente ao par ciu+doc registrado no servidor de identificação e que corresponde ao hash cronológico das cadeias de blocos de informações dos nós do sistema de armazenamento; um módulo de comunicação que além de verificar a autenticidade de cada comunicação recebida as transfere para o servidor de verificação ou agrega outras informações requeridas; um módulo de investigação epidemiológica que realiza continuamente pesquisa a partir dos dados incorporados a base e um módulo de consulta responsável por fazer interface com usuários em quaisquer tipos de terminais. em funcionamento esse conjunto permite a identificação, verificação de autenticidade e a realização de investigações sobre os documentos e dados recebidos no sistema."
202021021222,APLICAÇÃO DA REDE BLOCKCHAIN NA INDÚSTRIA DA CONSTRUÇÃO CIVIL,UNIVERSIDADE FEDERAL DA BAHIA,Brasil,2021-10-22,"a construção civil enfrenta grandes problemas relacionados à rastreabilidade dos seus fluxos de informações, e dentre eles, o acompanhamento do progresso de obras em andamento se apresenta como um dos mais críticos. as diversas circunstâncias que buscam burlar a avaliação das obras e às limitações das ferramentas usualmente adotadas para tanto favorecem a geração de problemas como informações falsas ou duplicadas, documentação perdida, desvios entre projetado e realizado, entre tantos. este trabalho tem como objetivo apresentar a tecnologia blockchain aplicada a contratos inteligentes como alternativa digital confiável para possibilitar a melhoria na rastreabilidade dos fluxos de informação no acompanhamento de obras. a partir desta aplicação, busca-se tornar os processos mais eficientes, transparentes e confiáveis eliminando os riscos de erros, inadimplência e malversação de recursos. palavras-chave — blockchain, bim, construção civil, contratos inteligentes"
102021025626,MÉTODO DE ANÁLISE BASEADA EM CONTEXTO PARA DEFINIÇÃO DE GOVERNANÇA PARA REDES E APLICAÇÕES BLOCKCHAIN,FUNDACAO CPQD CENTRO DE PESQUISA E DESENVOLVIMENTO EM TELECOMUNICACOES,Brasil,2021-12-17,"trata o presente relatório da descrição detalhada, acompanhada de figuras ilustrativas, de um novo método de análise baseada em contexto para definição da governança de redes e de aplicações blockchain. esse método considera o contexto de uso de uma rede blockchain e da(s) aplicação(ões) que ela executa, e sugere, de forma objetiva, o arranjo de governança mais adequado ao referido contexto, de modo a contribuir para a eficiência e a transparência dos processos decisórios necessários à gestão de suas atividades cotidianas e às tratativas de incidentes e imprevistos. o método aqui proposto permite resolver esse desafio analisando e identificando os princípios, modelos e formatos de governança mais propícios a um determinado contexto, mitigando, assim, situações de impasse ou conflito causadas por brechas ou inconsistências no regramento da operação da rede e na relação entre os diversos atores que dela se beneficiam."
102024006830,"SISTEMA DE MONITORAMENTO DOS TALUDES DE MONTANTE DAS ESTRUTURAS UTILIZANDO ULTRASSOM, BLOCKCHAIN E MACHINE LEARNING",NORTE ENERGIA SA INSTITUTO NACIONAL DE METROLOGIA QUALIDADE E TECNOLOGIA INMETRO,Brasil,2024-04-08,"a invenção diz respeito a um método desenvolvido para monitorar taludes de montantes por ultrassom (us) utilizando mecanismo de segurança cibernética baseado em autenticação por contexto físico (acf) para garantir a procedência do dado, armazenamento baseado em blockchain (blk) para assegurar a integridade e imutabilidade dos dados armazenados em nuvem e ferramentas de machine learning (ml) para processar e categorizar os dados transformando-os em informação. a invenção foi materializada em um protótipo (1) funcional composto por um processador na plataforma raspberry pi (1.1), transdutores comerciais (1.2), e softwares desenvolvidos para realizar as diversas operações da invenção. a tecnologia foi aplicada em campo para fins de teste de funcionalidade e intercâmbio dos sistemas."
102022023054,MÉTODO DE GESTÃO DE CONSENTIMENTO PARA TRATAMENTO DE DADOS BASEADO EM BLOCKCHAIN E IDENTIDADE DIGITAL DESCENTRALIZADA PARA ATENDIMENTO AOS REQUISITOS DA LEI GERAL DE PROTEÇÃO DE DADOS,FUNDACAO CPQD CENTRO DE PESQUISA E DESENVOLVIMENTO EM TELECOMUNICACOES,Brasil,2022-11-11,"trata a presente invenção de um novo método de gestão de consentimento para tratamento de dados baseado em blockchain e identidade digital descentralizada, para atendimento aos requisitos da lei geral de proteção de dados, relacionados com os dados pessoais do titular, e consentimento para o tratamento dos mesmos de forma segura, que realiza a gestão do consentimento para tratamento de dados do titular pelo controlador no contexto da lei geral de proteção de dados pessoais (lgpd), sendo feita de forma descentralizada, utilizando: (i) uma rede blockchain permissionada, contemplando os registros de fornecimento, alteração de escopo, bloqueio, desbloqueio e revoga do consentimento, assim como (ii) assinatura eletrônica do usuário titular baseada em identidade digital descentralizada."
102022001145,DISPOSITIVO BASEADO EM BORDA E BLOCKCHAIN PARA MONITORAMENTO DE CONTROLADOR LÓGICO PROGRAMÁVEL,UNIVERSIDADE FEDERAL DE OURO PRETO UFOP,Brasil,2022-01-21,"a presente invenção refere-se a um dispositivo de monitoramento baseado em borda e blockchain (dmbb), visando sua aplicação em fábricas, destinada principalmente para o monitoramento de controladores lógicos programáveis (clp). mais particularmente, a presente invenção coleta dados executados por clp, os armazena em um banco de dados imutável, e replica esse armazenamento em outros dmbb. o acoplamento ou posicionamento físico em metros do dmbb em relação ao clp proporciona um menor atraso para o monitoramento dos dados do clp, e resiliência em caso de falhas de comunicação. além disso, a presente invenção permite a auditoria de clp a partir de consulta dos dados armazenados no dmbb."
102022026464,SISTEMA E MÉTODO PARA COMUNICAÇÃO DESCENTRALIZADA E SEGURA ENTRE DISPOSITIVOS DE BORDA BASEADO NO PROTOCOLO DE COMUNICAÇÃO DID COMMUNICATION,FUNDACAO CPQD CENTRO DE PESQUISA E DESENVOLVIMENTO EM TELECOMUNICACOES,Brasil,2022-12-23,"a invenção, realiza a comunicação segura entre dois aplicativos móveis instalados nos smartphones dos usuários utilizando carteiras digitais e os seguintes componentes do metassistema de identidade digital descentralizada: (i) dids, (ii) o protocolo did communitation ou didcom e uma (iii) blockchain para registro dos dids, no caso uma hyperledgedr indy. a comunicação acontece por meio de envio e recebimento de mensagens escritas entre dois usuários de aplicação mobile que fazem uso dos componentes. são interações entre agentes implementados nos aplicativos dos usuários."
102019021373,MÉTODO E SISTEMA DE PSEUDONIMIZAÇÃO BASEADO EM MULTI-LEDGER BLOCKCHAIN E CÓDIGO QR DINÂMICO OTP,FUNDACAO CPQD CENTRO DE PESQUISA E DESENVOLVIMENTO EM TELECOMUNICACOES,Brasil,2019-10-10,"novo método e sistema de pseudonimização baseado em multi-ledger blockchain e código qr dinâmico otp, o qual tem como objetivo fortalecer os aspectos de segurança e privacidade, usando diferentes camadas de segurança baseadas em técnicas de pseudonimização, multi-ledger blockchain, protocolo da confiança de multi-arquivos, e código qr dinâmico (quick response code) de resposta rápida baseado em otp (one time programmable devices) ou dispositivos dotados de memória do tipo prom, capazes de serem programados apenas uma vez, visando as leis de segurança de dados para proteger os dados processados, armazenados e transmitidos em um sistema de comunicação digital."
112022006587,MÉTODO DE PESQUISA DE DADOS DE BLOCKCHAIN,UNIQUECODE CO LTD,Coreia do Sul,2019-10-07,"método de pesquisa de dados de blockchain trata a presente invenção de um método de pesquisa de dados de blockchain, incluindo receber um termo de pesquisa para identificar um bloco de um terminal de usuário e selecionar uma rede blockchain a ser pesquisada entre várias redes blockchain; acessar a rede blockchain selecionada para inserir o termo de pesquisa e, em seguida, pesquisar na rede blockchain selecionada por um bloco correspondente ao termo de pesquisa; receber dados armazenados no bloco pesquisado da rede blockchain selecionada; e transmitir os dados recebidos para o terminal do usuário."
102019027988,MÉTODO E SISTEMA SEGURO PARA AUTOINSCRIÇÃO EM SISTEMAS DIGITAIS BASEADO EM BLOCKCHAIN,FUNDACAO CPQD CENTRO DE PESQUISA E DESENVOLVIMENTO EM TELECOMUNICACOES,Brasil,2019-12-27,"novo método e sistema seguro para autoinscrição em sistemas digitais baseado em blockchain, o qual se trata de um método para garantir a segurança e a privacidade tanto dos dados relativos ao processo de criação de identidade (autoinscrição/self-enrolment), como também das próprias identidades em sistemas digitais, utilizando as tecnologias multi-ledger blockchain, pseudonimização, ofuscação e espalhamento de dados, ie, utilizando a tecnologia baseada em multi-ledger blockchain, que fornece um fator forte de segurança relacionada aos elementos criptográficos que são nativos na tecnologia, junto com as técnicas de pseudonimização, implementadas para garantir o aspecto de segurança e privacidade desejado para os dados pessoais, e ainda com as técnicas de ofuscação e espalhamento de dados que implementam uma camada adicional de segurança, responsável pela ofuscação de dados, anti-violação (antitampering), anti-debugging e proteção de dados. dessa forma obtendo um método seguro de autoinscrição (self-enrolment) em sistemas digitais. assim, estabelecendo mecanismos para fortalecer a segurança e a privacidade, com a integração de três tecnologias: (a) multi-ledger blockchain, (b) pseudonimização, e (c) as técnicas de ofuscação e espalhamento de dados."
112020011703,APARELHO E MÉTODO PARA FORNECER ACESSO À REDE USANDO PAGAMENTOS EM BLOCKCHAIN,LENOVO SINGAPORE PTE LTD,Singapura,2017-12-12,"são revelados aparelhos, métodos e sistemas para acesso à rede usando pagamentos em blockchain. um aparelho 400 inclui um processador 405 e um transceptor 425 que recebe 905 uma mensagem de solicitação de autenticação para uma unidade remota, a mensagem de solicitação de autenticação incluindo um identificador de unidade remota, o identificador de unidade remota indicando que a unidade remota está solicitando acesso à rede por meio de um pagamento em blockchain. o processador 405 gera 910 um endereço para uma rede de blockchain indicada pelo identificador de unidade remota para receber o pagamento em blockchain. o transceptor 425 recebe 915 uma mensagem de informação de pagamento em blockchain da unidade remota e o processador 405 fornece 920 acesso à rede à unidade remota em resposta à validação com sucesso da informação de pagamento em blockchain recebida."
102023007317,"MÓDULO DE COMUNICAÇÃO PARA CONVERSOR DE ENERGIA OU GERADOR DE ENERGIA DOTADO DE SISTEMA PARA TRATAMENTO DE DADOS E INTEGRAÇÃO COM SISTEMA DE EMISSÃO DE ATIVOS DIGITAIS OU TOKENS, CONVERSOR DE ENERGIA OU GERADOR DE ENERGIA COMPREENDENDO O MESMO",ENELTEC ENERGIA ELETRICA E TECNOLOGIA LTDA,Brasil,2023-02-24,"módulo de comunicação para conversor de energia ou gerador de energia dotado de sistema para tratamento de dados e inte- gração com sistema de emissão de ativos digitais ou tokens, conversor de energia ou gerador de energia compreendendo o mesmo a presente invenção se situa no campo da geração de energia sustentável. mais especificamente, a invenção proporciona uma solução para o problema da medição segura e produção de métricas de geração de energia sustentável, por um módulo de comunicação para conversor ou gerador de energia. o módulo de comunicação da invenção é dotado de um sistema de tratamento de dados integrado a um sistema de emissão de ativos digitais ou tokens. o dispositivo da invenção é particularmente útil como ferramenta para a medição, documentação e tokenização, em plataformas ou tecnologias de blockchain, registro digital distribuído ou distributed digital ledger, de grandezas que possuem uma relação direta com métricas relacionadas à geração de energia por fontes renováveis ou que emitem menos poluentes. são também revelados um conversor de energia e um gerador de energia dotados de um sistema de tratamento de dados integrado a um sistema de emissão de ativos digitais ou tokens."
102022003697,"DISPOSITIVO E SISTEMA PARA MEDIÇÃO DE GRANDEZAS, TRATAMENTO DE DADOS E INTEGRAÇÃO COM SISTEMA DE EMISSÃO DE ATIVOS DIGITAIS OU TOKENS",ENELTEC ENERGIA ELETRICA E TECNOLOGIA LTDA,Brasil,2022-02-25,"dispositivo e sistema para medição de grandezas, tratamento de dados e integração com sistema de emissão de ativos digitais ou tokens a presente invenção se situa nos campos da medição de grandezas relacionadas a métricas de conservação de energia, conservação/recuperação ambiental e sustentabilidade em geral. mais especificamente, a invenção se refere a um dispositivo e sistema para a medição de grandezas, tratamento de dados e integração com sistema de emissão de ativos digitais ou tokens, como aqueles lastreados em métricas de conservação e/ou de sustentabilidade. o dispositivo da invenção é particularmente útil como ferramenta para a medição, documentação e tokenização em plataformas ou tecnologias de blockchain, registro digital distribuído ou distributed digital ledger, de grandezas que possuem uma relação direta com métricas relacionadas a atitudes e/ou projetos sustentáveis ou de conservação energética/ambiental."
102023023957,MÉTODO DE AUTENTICAÇÃO DE MÚLTIPLOS FATORES E SISTEMA PARA SERVIÇOS WEB3,TELEFONICA DIGITAL ESPANA S L U,Espanha,2022-11-18,"trata-se de um método e sistema para autenticação de múltiplos fatores de usuários em serviços web3 que compreendem um provedor de autenticação de múltiplos fatores (por exemplo, 2fa) (122) configurado para validar que um usuário final (110) tem uma chave pública em um blockchain com base em uma criptomoeda ou uma transferência de nft, em que a chave pública é usada como um primeiro fator para a autenticação. o provedor de autenticação (122) interage com um contrato inteligente para realizar a autenticação de múltiplos fatores em uma operação em um contrato inteligente usando-se dados off-chain como o outro fator (ou fatores) necessário para a autenticação de múltiplos fatores. os dados off-chain são recebidos em um terminal de usuário, por exemplo um telefone inteligente (208) por meio de sms ou uma aplicação móvel, associado à conta criada no provedor de autenticação (122). o resultado de autenticação é lido por cada nó que executa o contrato inteligente e, quando um consenso (216) é alcançado entre nós, um novo bloco (c) que representa o resultado é gerado no blockchain."
102022024318,MÉTODO E SISTEMA PARA INTEGRAÇÃO DIRETA ENTRE CLIENTE E PROVEDORES 5G SEM INTERMEDIÁRIOS,FUNDACAO CPQD CENTRO DE PESQUISA E DESENVOLVIMENTO EM TELECOMUNICACOES,Brasil,2022-11-29,"trata a presente invenção de um novo método e sistema para integração direta entre cliente e provedores 5g sem intermediários, os quais a visam estabelecer um marketplace descentralizado baseado em blockchain que elimine a necessidade de uma entidade centralizada entre provedor e consumidor de serviços de telecomunicações, principalmente 5g, fornecendo transações comerciais de forma mais eficiente e confiável, sem a necessidade de intermediários, utilizando o conceito de direct to consumer (d2c) e a tecnologia blockchain para o processo de descentralização, compreendendo; (i) o provisionamento dos serviços, que irá encontrar o melhor provedor para atender a necessidade do consumidor considerando velocidade, delay, latência, custo, e outros parâmetros que se julgue necessário, com o fechamento do contrato de sla e entrega do serviço; (ii) o faturamento, que irá calcular o valor que deve ser pago baseado no que foi comprado e no que foi entregue ao consumidor; e (iii) o acerto de contas (liquidação), que efetivamente retira o token (crédito) da carteira do consumidor e entrega à carteira do provedor do serviço, gerando todas as evidências legais necessárias para efetivar o pagamento."
102023026553,MÉTODO DE CONCEPÇÃO DE GOVERNANÇA PARA APLICAÇÕES E ECOSSISTEMAS DE IDENTIDADE DIGITAL DESCENTRALIZADA,FUNDACAO CPQD CENTRO DE PESQUISA E DESENVOLVIMENTO EM TELECOMUNICACOES,Brasil,2023-12-15,"neste pedido de patente de invenção é proposto um método de concepção colaborativa de modelos de governança para soluções/aplicações de identidade digital descentralizada, ou idd. o método acrescenta à uma versão anterior do método, sendo uma evolução deste, trazendo um maior detalhamento das atividades em cada etapa do roteiro de criação de modelos de governança, apresentando artefatos e práticas a serem utilizadas em etapas-chave do roteiro. a exemplo da invenção anterior, a versão evoluída do método compreende pelo menos quatro etapas do desenho de um modelo de governança para aplicações baseadas em blockchain: a primeira abordando o nível de negócios, a segunda o nível de parceira, seguidas estas etapas de um sequenciamento das etapas de criação da governança de forma coerente com as fases típicas de surgimento e crescimento das iniciativas as quais ela se destina a regular, incluindo pelo menos quatro etapas, sendo a terceira etapa referente a decisões no nível da aplicação e no nível da rede, e a quarta etapa tratando de decisões referentes à governança do consórcio e do ecossistema."
102021016712,SISTEMA DE CONTRATOS INTELIGENTES DIRIGIDOS POR SENSORES BIOMÉDICOS / BIO-DISPOSITIVOS,MARCIO FLAVIO GANDRA FRANCO RAFAEL LUIS SILVEIRA,Brasil,2021-08-24,"a presente patente de invenção, da área de tecnologias de blockchain, propõe um sistema de ativação de contratos inteligentes, conhecidos como ""smartcontracts"", através de sinais captados por sensores biomédicos. entre os diversos sinais passíveis de serem captados, podemos citar: batimentos cardíacos, contadores de passos, taxa de oxigênio no sangue, taxa de co2, medidores de pressão, funcionamento ou paralisação de aparelhos hospitalares, sensores de dispositivos médicos, esportivos, de performance, taxas hormonais, entre outros. dessa forma, o sensor biomédico funcionará como o oráculo necessário para que um contrato obtenha informação externa e execute a função para o qual foi concebido. além disso, dada a possibilidade de auditoria proporcionada pela tecnologia blockchain, os bio-dados podem ser transformados em registros permanentes/imutáveis de eventos biológicos e equipamentos médicos registrados e auditados em redes distribuídas e descentralizadas."
102022003708,SISTEMA E MÉTODO INTEGRADO PARA A EMISSÃO DE ATIVOS DIGITAIS OU TOKENS LASTREADOS EM MÉTRICAS DE CONSERVAÇÃO AUTENTICADAS,RICARDO AMARAL REMER ROGERIO ATEM DE CARVALHO RODRIGO MARTINS FERNANDES,Brasil,2022-02-25,"sistema e método integrado para a emissão de ativos digitais ou tokens lastreados em métricas de conservação autenticadas a presente invenção se situa nos campos da engenharia ambiental, da engenharia de sistemas e dos ativos digitais. mais especificamente, a invenção se refere a um sistema e método integrado para a emissão de ativos digitais ou tokens lastreados em métricas de conservação autenticadas. o sistema da invenção é particularmente útil para a medição, documentação, autenticação e tokenização, em plataformas ou tecnologias de blockchain, registro digital distribuído ou distributed digital ledger, de métricas relacionadas a atitudes e/ou projetos sustentáveis ou de conservação ambiental. o sistema da invenção compreende: um ou mais dispositivos de medição de grandezas físicas associadas a conservação ou recuperação de ativos ambientais; e um processo de registro digital distribuído das métricas autenticadas. em uma concretização o sistema da invenção adicionalmente compreende um dispositivo verificador da autenticidade do hardware e do software que processam os sinais medidos e que compõem o dispositivo de medição. a invenção é particularmente útil para a documentação online de métricas autenticadas de conservação ambiental que servem de lastro para os ativos digitais documentados pelo próprio sistema. em uma concretização, a invenção proporciona a tokenização da economia de energia relacionada ao uso de dag (direct acyclic graphs) no mecanismo de consenso de tecnologias de registro digital distribuído, como é o caso do xrp ledger. a invenção é uma ferramenta útil para impulsionar investimentos em projetos de recuperação ou conservação ambiental, além de prover lastro real, online e publicamente auditável de ativos digitais."
102023011554,SISTEMA E MÉTODO PARA AUTENTICAÇÃO E ASSOCIAÇÃO DE CONTAS MULTIPLATAFORMAS,TINTRA 3 0 LTD,Reino Unido,2022-06-14,"a presente invenção fornece uma verificação e um autenticação de carteiras digitais independentes e, particularmente, uma ligação de carteiras digitais reguladas e não reguladas em um blockchain público. um sistema de negociação não regulado tem um módulo de certificado público arranjado seletivamente para gravar nfts em contas não reguladas específicas. uma base de dados de livro razão pública do sistema blockchain armazena contas não reguladas que, cada qual, contêm: (i) um tipo de identificador de documento que tem um nft não transferível exclusivo cunhado relacionado ligado a um certificado hash externamente gerado, e em que cada nft não transferível é obtido por meio da gravação de um contrato inteligente e cada nft não transferível é um registro permanente para uma descrição do tipo de documento; e (ii) um enlace a uma carteira privada de uma conta regulada de uma plataforma de negociação regulada. o enlace se refere diretamente ao nft não transferível cunhado emitido a partir do módulo de certificado. cada nft não transferível é configurado para ser trocado ou movido a partir da carteira não regulada apenas através de uma interação que envolve diretamente o módulo de certificado."
102023004992,"MÉTODO, DISPOSITIVO E SISTEMA PARA A MEDIÇÃO DO DESEMPENHO DE PROCESSOS E/OU PARA AUTOMAÇÃO DE PROCEDIMENTOS DE CERTIFICAÇÃO",RICARDO AMARAL REMER ROGERIO ATEM DE CARVALHO RODRIGO MARTINS FERNANDES,Brasil,2023-03-17,"a presente invenção se situa nos campos da medição do desempenho de processos e da automação de procedimentos de certificação. mais especificamente, proporciona um dispositivo, sistema e método de medição do desempenho de projetos e processos produtivos, além de proporcionar métricas ou coeficientes de desempenho. em um aspecto, a invenção proporciona um dispositivo, sistema e método para a automação de procedimentos de certificação de processos de emissão de ativos digitais ou tokens, podendo ser uma certificação integrada. a invenção é particularmente útil como ferramenta de automação de procedimentos de certificação que envolvem medição, documentação e tokenização, em plataformas ou tecnologias de blockchain, registro digital distribuído ou distributed digital ledger, de variadas grandezas físicas referentes a processos produtivos ou fenômenos naturais. a invenção proporciona a geração de métricas ou coeficientes relativos à referida certificação, que são úteis para o aumento da precisão/acuracidade, da produtividade de processos de certificação, sendo também úteis como parâmetros para a gestão de risco de projetos, incluindo os de risco ambiental. em um aspecto, a invenção viabiliza a certificação para pequenos projetos e atitudes. a invenção é também particularmente útil no campo da certificação de projetos e atitudes sustentáveis, sendo uma ferramenta útil para a comprovação do preenchimento de requisitos para a obtenção benefícios fiscais em programas de incentivo ambiental."
102022012874,PROCESSO PARA ASSINATURA E VERIFICAÇÃO DE ASSINATURA DIGITAL,UNIVERSIDADE FEDERAL DE SANTA CATARINA INSTITUTO FEDERAL DO RIO GRANDE DO SUL,Brasil,2022-06-28,"processo para assinatura e verificação de assinatura digital. a presente invenção se refere a um novo processo para assinar digitalmente documentos digitais (exemplo, um texto feito em um editor de texto e salvo no formato pdf). a assinatura digital atualmente pode ser realizada de diversas formas, a mais amplamente aceita é através de um certificado digital (exemplo ecnpj). a assinatura digital é análoga a assinatura física (a próprio punho) de um documento físico. o diferencial em relação ao estado da técnica é a criação do conceito de certificado de uso único. através dele, um documento é associado ao certificado e este certificado não pode ser utilizado para nada a não ser assinar digitalmente este documento específico. outro diferencial é associar a validade de uma assinatura a existência de três registros em uma blockchain, um para cada entidade envolvida na assinatura (idp, sad e ac). desta forma, só é possível fraudar uma assinatura se as três entidades forem corrompidas, com incremento da segurança da assinatura."
102024021619,SISTEMA E MÉTODO PARA RECOMENDAÇÃO E TRANSAÇÃO PERSONALIZADAS DE TOKENS NÃO FUNGÍVEIS DE EMBRIÕES DE REBANHO,TATA CONSULTANCY SERVICES LTD,Índia,2023-11-22,"a presente invenção fornece um sistema e um método para recomendação e transação personalizadas de tokens não fungíveis de embriões de rebanho. há um desafio na identificação exclusiva de embriões de rebanho e rastreamento dos mesmos autenticamente por suas propriedades e todos os detalhes associados sobre o macho doador, a fêmea, as suas linhagens e/ou similares. a presente descrição alavanca a tecnologia blockchain para criar ativos digitais exclusivos que representam os embriões de rebanho físicos e identificados por um token exclusivo. por utilizar contratos inteligentes em uma plataforma blockchain, criação, transferência e rastreamento seguros de propriedades de nfts do embrião de rebanho são habilitados. adicionalmente, uma abordagem com base em aprendizado de máquina para recomendação personalizada dos embriões de rebanho com custos associados ao usuário com base nos dados de nft disponíveis, conhecimento de domínio sobre a política de procriação e necessidades do usuário é provida. um sistema de transação em mercado para negociação justa dos nfts do embrião de rebanho é descrito."
102022016920,MÉTODO PARA GESTÃO DE IDENTIDADE DE CLIENTE E CONSENTIMENTO PARA COMPARTILHAMENTO SEGURO DE DADOS PARA O SISTEMA FINANCEIRO ABERTO (OPEN BANKING) NO BRASIL,FUNDACAO CPQD CENTRO DE PESQUISA E DESENVOLVIMENTO EM TELECOMUNICACOES,Brasil,2022-08-24,"método para gestão de identidade de cliente e consentimento para compartilhamento seguro de dados para o sistema financeiro aberto (open banking) no brasil. trata a presente invenção de um novo método de gestão de identidade e de registro de consentimento para o compartilhamento de dados de forma segura de um cliente de uma instituição financeira, pessoa física ou jurídica, aplicado ao sistema financeiro aberto (open banking) brasileiro, o qual apresenta o diferencial de ser uma solução que faz uso da tecnologia blockchain não permissionada para o registro da emissão do consentimento do compartilhamento de dados do cliente, a alteração de escopo do consentimento e sua revogação, diferentemente dos métodos atuais que apresentam soluções canônicas de registros baseadas no uso de bases de dados convencionais; outro diferencial do método está no uso da identidade digital descentralizada, baseada em blockchain nos processos de autenticação demandados durante a emissão, alteração de escopo e revogação do consentimento de compartilhamento de dados do cliente."
102020014013,SISTEMA E MÉTODO PARA AUTENTICAÇÃO DE UM ATIVO,BRUNO MEDEIROS DA COSTA,Brasil,2020-07-09,"sistema e método para autenticação de um ativo.  é descrito um sistema e método para autenticação de um ativo que compreende uma etiqueta (10) dotada de superfície com elementos amorfos (11) que definem um padrão aleatório gerador de uma identidade única, sendo a etiqueta (10) associada a um ativo (a) cuja autenticidade pode ser consultada em uma aplicação web (200) mediante comparação da imagem digital (100) da etiqueta (10) e do ativo (a) registrada em blockchain (b) com a etiqueta física (10), permitindo verificar a autenticidade do ativo (a)."
102022017604,BOMBA DE COMBUSTÍVEL COMPREENDENDO UM MEIO PARA A TOKENIZAÇÃO DE MÉTRICAS DE REDUÇÃO DE EMISSÃO DE CO2 MEDIANTE O USO DE COMBUSTÍVEL RENOVÁVEL,RICARDO AMARAL REMER RICARDO SPINELLI DE CARVALHO FILHO,Brasil,2022-09-01,"bomba de combustível compreendendo um meio para a tokenização de métricas de redução de emissão de co2 mediante o uso de combustível renovável. a presente invenção se situa nos campos da engenharia ambiental, da engenharia de sistemas e dos ativos digitais. mais especificamente, a invenção se refere a uma bomba de combustível que compreende um meio integrado para a emissão de ativos digitais ou tokens lastreados em métricas autenticadas de uso de combustível com menor emissão de co2, ou dos correspondentes créditos de carbono. a bomba de combustível da invenção é particularmente útil para a medição, documentação, autenticação e tokenização, em plataformas ou tecnologias de blockchain, registro digital distribuído ou distributed digital ledger, de métricas relacionadas ao consumo de combustíveis com menor impacto ambiental negativo, ou dos correspondentes créditos de carbono. a bomba de combustível da invenção compreende: um ou mais dispositivos de medição de volume de combustíveis abastecido a um veículo; e um processador que proporciona o registro digital distribuído de tokens que correspondem às métricas autenticadas de créditos de carbono. em uma concretização, a bomba de combustível da invenção adicionalmente compreende um dispositivo verificador da autenticidade do hardware e/ou do software que processam os sinais medidos e que compõem o dispositivo de medição e/ou o processador que registra digitalmente os tokens. a invenção é uma ferramenta útil para impulsionar o uso de combustíveis que emitem menor proporção relativa de gases poluentes ou de efeito estufa, além de prover lastro real, online e publicamente auditável dos correspondentes créditos de carbono. a invenção pode ser considerada uma tecnologia verde."
102023026288,MÉTODO DE INTERFACE PARA GESTÃO REMOTA DE AGENTE EM NUVEM DE IDENTIDADE DIGITAL DESCENTRALIZADA DE PESSOA FÍSICA POR MEIO DE DIÁLOGO AUTÔNOMO EM CANAL DE APLICATIVO MÓVEL DE MENSAGENS INSTANTÂNEAS,FUNDACAO CPQD CENTRO DE PESQUISA E DESENVOLVIMENTO EM TELECOMUNICACOES,Brasil,2023-12-13,"o método aqui proposto tem como objetivo a emissão e a verificação de credenciais verificáveis de pessoas, em uma rede blockchain permissionada utilizando a identidade digital descentralizada, via aplicativo móvel de mensagens instantâneas, e mais especificamente o whatsapp, a fim de fomentar o mercado de identidade digital descentralizada. o método realiza coleta e verificação de informações de identidade do usuário de maneira segura e criptografada, emite e verifica identidades através de uma nuvem de identidade digital descentralizada, utiliza recursos do whatsapp para autenticação e validação para maior segurança, interage com o usuário através de um canal de diálogo autônomo utilizando assistente virtual associado, e usa solução blockchain para registro de autorização do compartilhamento de dados."
102020019888,MÉTODO IMPLEMENTADO POR COMPUTADOR PARA REGISTRAR E COMPROVAR A AUTENTICIDADE DE ARQUIVOS UTILIZANDO SERVIÇO DE ARMAZENAMENTO EM NUVEM E REGISTRO EM BLOCKCHAIN,CASTRO NUNES CAROLINE,Brasil,2020-09-29,"método implementado por computador para registrar e comprovar a autenticidade de arquivos utilizando serviço de armazenamento em nuvem e registro em blockchain. prova de propriedade de documentos, incluindo atribuição na realidade e trabalho digital. funciona muito bem na proteção da propriedade intelectual e, por exemplo, na certificação de quem criou, acessou ou modificou um documento. certificação de que um documento existia em certo período. o carimbo de data e hora é essencial para contratos digitais, dados de pesquisa, registros médicos, evidências, petições, pedidos de compra etc. os usuários podem provar de forma transparente e irrefutável o momento exato em que um documento existia, para fins legais, de conformidade e comerciais. os usuários também podem criar um registro de cópias digitalizadas de documentos em papel, comprovando sua existência em um determinado momento. prova de integridade. por exemplo, a capacidade de demonstrar que os dados não foram adulterados. facilitação de vendas e negociação de ativos digitais ou objetos reais e gerenciamento de direitos digitais. os usuários podem rastrear digitalmente o documento e encontrar informações sobre o movimento do arquivo / documento. autenticidade do produto."
102025003504,SISTEMA E MÉTODO PARA FORNECER RESPOSTA EXPLICÁVEL PERSONALIZADA ATRAVÉS DA GERAÇÃO DE PROMPT MULTIMÍDIA USANDO INFORMAÇÕES CONTEXTUAIS E UM OU MAIS MEIOS DE ARMAZENAMENTO DE INFORMAÇÕES NÃO TRANSITÓRIOS LEGÍVEIS POR MÁQUINA,TATA CONSULTANCY SERVICES LTD,Índia,2024-02-22,"esta divulgação se refere geralmente ao sistema e método para fornecer resposta explicável personalizada gerando prompt personalizado com reconhecimento de contexto usando informações contextuais. a agricultura enfrenta desafios críticos como clima adverso, surto de pragas/doenças, solo, degradação e similares, devido aos quais são necessários avisos personalizados, contextuais e explicáveis para atingir produtividade agrícola sustentável e ótima. o método recebe uma consulta multimídia do usuário para fornecer resposta explicável personalizada usando validação inicial e uma geração de contexto personalizada. além disso, um prompt personalizado com reconhecimento de contexto é gerado para obter resposta de uma pluralidade de llms. simultaneamente, um perfil de usuário contextualmente relevante é composto para gerar uma resposta explicável personalizada. além disso, o método é capaz de fornecer a resposta explicável personalizada em conteúdo multilíngue e multimodal. além disso, o formulário de feedback permite que o usuário forneça feedback que permite melhoria adaptável e armazenamento do contexto, resposta explicável personalizada e feedback em uma plataforma de blockchain e uma biblioteca de prompts."
102024010550,ESTIMATIVA DE ELIGIBILIDADE DE CRÉDITO FLEXÍVEL E AGENDA DE DESEMBOLSO USANDO TOKENS NÃO FUNGÍVEIS (NFTS) DE ATIVOS AGRÍCOLAS,TATA CONSULTANCY SERVICES LTD,Índia,2023-05-30,"a presente invenção fornece um mecanismo certo para aplicar a tecnologia blockchain com desembolso de crédito flexível ou dinâmico, ao mesmo tempo em que também aborda-se a avaliação dos ativos agrícolas que são dinâmicos por natureza. um método e um sistema para estimar a eligibilidade de crédito flexível e a agenda de desembolso usando nfts de ativos agrícolas são divulgados. uma abordagem com base em blockchain detalhada é provida para avaliar a garantia de crédito dos nfts que representam os ativos agrícolas, também intercambiavelmente referidos como ativos de fazenda física ou agroativos. a avaliação da eligibilidade de crédito é com base na flexibilidade provida para o fazendeiro na decisão dos ativos de fazenda que serão usados, no estado atual dos ativos agrícolas selecionados pelo fazendeiro e no valor equivalente do crédito do cada de ativo transformado em nft selecionado pelo fazendeiro para a estação/o ano. a agenda de desembolso dinâmica é com base nos parâmetros personalizados ou customizados associados com o estado atual da fazenda e os ativos de fazenda ligados à garantia de crédito."
102020009734,CONTROLADOR LÓGICO PROGRAMÁVEL COM CONTROLE E MONITORAMENTO BASEADO EM BLOCKCHAIN PARA A INTEGRAÇÃO VERTICAL DA INDÚSTRIA 4.0,UNIVERSIDADE FEDERAL DE OURO PRETO UFOP,Brasil,2020-05-15,"a presente invenção refere-se a um controlador lógico programável baseado em blockchain, visando sua aplicação em fábricas, destinada principalmente para a integração vertical de sistemas de automação de processos industriais. mais particularmente, a presente invenção refere-se a um controlador lógico programável, que utiliza uma rede de computadores baseados em blockchain, de forma a tornar o controle e monitoramento descentralizado. além disso, a presente invenção emprega contratos inteligentes baseados em blockchain na rede de computadores representando o controle e monitoramento, permitindo uma integração vertical de diversos níveis de sistemas de automação de processos industriais, e evitando pontos falhas e garantindo segurança e confiança na execução dos processos."
102023012354,PLATAFORMA ONLINE PARA CONVERSÃO DE PALLETS FÍSICOS EM TOKENS DIGITAIS PARA OTIMIZAÇÃO DE PROCESSOS NA LOGÍSTICA E CADEIA DE SUPRIMENTOS GLOBAIS,GUSTAVO BRAZ CARNEIRO,Brasil,2023-06-20,"consiste numa plataforma online implementada por computador, que utiliza tecnologia blockchain para criar tokens digitais que representam os pallets físicos utilizados na logística e cadeia de suprimentos globais. a tokenização de pallets traz uma série de benefícios, como rastreabilidade aprimorada, otimização do gerenciamento de estoque, autenticação de produtos, eficiência nos processos de pagamento, redução de custos e desperdícios, além de promover a sustentabilidade e a responsabilidade ambiental. sua implementação conta com a criação de uma plataforma online especializada, onde os pallets são registrados como tokens digitais únicos. cada token contém informações detalhadas sobre o pallet originário, como: localização, histórico de movimentação e condições de armazenamento. esses dados são registrados de forma imutável e transparente no blockchain, proporcionando rastreabilidade e visibilidade ao longo da cadeia de suprimentos. para utilizar a solução, os usuários precisam se cadastrar na plataforma online (web ou app) e adquirir tokens de pallets. esses tokens podem ser comprados, vendidos e transferidos entre os participantes da cadeia de suprimentos, permitindo o intercâmbio de pallets de forma eficiente e segura. além disso, a plataforma oferece recursos avançados, como comunicação com dispositivos no âmbito de internet das coisas (iot) e/ou internet industrial das coisas (iiot); para rastreabilidade de dados pertinentes aos pallets e ao ambiente de armazenamento e transporte, contratos inteligentes para automação de processos e possibilidade de integração com sistemas de gerenciamento existentes (wms, tms, erp, crm e outros)."
102020022747,MÉTODO E SISTEMA DE CÁLCULO DO NÍVEL DE MATURIDADE BASEADO EM RISCOS PARA APLICAÇÕES DA PLATAFORMA BLOCKCHAIN.,FUNDACAO CPQD CENTRO DE PESQUISA E DESENVOLVIMENTO EM TELECOMUNICACOES,Brasil,2020-11-09,"novo método e sistema de cálculo do nível de maturidade baseado em riscos para aplicações da plataforma blockchain (protocolo da confiança), o qual por meio de identificação do contexto de aplicação, juntamente com o cálculo e avaliação de riscos, fornece, de forma clara e objetiva, os níveis de maturidade das aplicações das plataformas blockchain. uma vez que o nível de maturidade das aplicações das plataformas blockchain é identificado, essa ação auxilia o processo de escolha e definição da plataforma para que seja efetivo e de sucesso na implementação de uma solução blockchain. o método e sistema propostos consideram não somente a busca na identificação da plataforma blockchain que mais se adequa aos requisitos de negócio, mas também na identificação daquela que possui o maior nível de maturidade, não somente nos aspectos diretos das aplicações da plataforma blockchain, tais como tipo de chain (sequência), regra de consenso, linguagens de programação escalabilidade, entre outros, mas principalmente nos aspectos baseados em riscos existentes, levando em consideração o contexto da aplicação na plataforma."
102022007895,"MÉTODO PARA UTILIZAÇÃO DE REDE DISTRIBUIDA COM APLICAÇÃO DE TECNOLOGIA COMPATIVEL, PARA PERMITIR A DISTRIBUIÇÃO DA DEMANDA E REMUNERAÇÃO NA SITUAÇÃO DE CONTRATAÇÃO SIMULTÃNEA (PARALELA E NÃO EXCLUDENTE), POR MEIO DO PROCEDIMENTO DE CREDENCIAMENTO, INSTRUMENTO AUXILIAR ÀS CONTRATAÇÕES PÚBLICAS, REGIDO PELA NOVA LEI DE LICITAÇÕES",REGISTRA CONSULTORIA EM TECNOLOGIA DA INFORMACAO S A,Brasil,2022-04-26,"com a entrada em vigor da lei nº 14.133/2021, o credenciamento deixa de ser objeto de discricionariedade dos gestores públicos e torna-se instrumento legal (auxiliar) das licitações e contratações públicas, impondo à administração pública, o dever de estabelecer critérios (objetivos) de distribuição da demanda e remuneração (definição do valor), na hipótese de contração paralela e não excludente. ocorrerá assim, a distribuição automatizada e eletrônica (por contratos inteligentes) da demanda entre os credenciados e consequentemente, a justa remuneração pelos serviços prestados, disponibilizando o acompanhamento e fiscalização (auditoria), de acordo com a lei de acesso à informação (lai) e lei geral de proteção de dados (lgpd), através da tecnologia dlt e com aplicações de blockchain.a proposta desta patente é a aplicação da tecnologia blockchain para orquestração de rede em dlt que permita transações por contratos inteligentes de distribuição da demanda e controle de remuneração entre os credenciados, com hipertransparência e auditabilidade (reduzindo comportamentos fraudulentos), integração de informações, desintermediação e automação de transações e processos, disponibilidade (não existe ponto único de falha), log imutável e integridade das informações (imutabilidade e integridade), autenticação das transações (irrefutabilidade), possibilitando assim, a geração de confiança entre os credenciados participantes da rede. essas são as principais características que resolvem o problema técnico ainda não solucionado pelo estado da técnica referente ao credenciamento e para melhor controle da distribuição dos valores monetários que trafegam na rede (recompensa pelo serviço). a proposta será utilizar padrões já existentes como o erc 20 (ethereum request for comments 20), ou seja, “tokenização” baseada em tokens fungíveis já seguindo amplamente em diversas redes blockchain."
102023025932,JOGO DE CARTAS ELETRÔNICO,WINZO GAMES PRIVATE LTD,Índia,2022-12-09,"a presente invenção está relacionada ao campo da tecnologia blockchain e, mais especificamente, à mania das cartas - um novo formato de jogo para recompensar a habilidade, o conhecimento e a inteligência preditiva dos usuários. o formato inclui vários jogos, nos quais os usuários podem coletar/trocar cartas e usá-las para jogar contra outros usuários em um estilo de batalha de trunfo. os usuários podem trocar as cartas com outros usuários e vendê-las de volta ao mercado. a batalha é uma batalha de cartas entre dois jogadores de níveis semelhantes que termina com um usuário ganhando uma carta e o outro perdendo uma carta. essas cartas serão de jogadores/personagens de um determinado esporte/jogo no formato. o cartão craze resolve os possíveis problemas de latência e confiabilidade de forma segura para a comunicação de mensagens e pontuações e é escalonável, ao mesmo tempo em que oferece suporte a conexões de usuários simultâneos muito altas."
102022024541,DISPOSITIVOS DE ADORNO OU VESTIMENTA COM FUNÇÕES NO METAVERSO,JOAO MARCELO OCCHIUCCI,Brasil,2022-11-30,"trata-se a presente patente de invenção, de dispositivos de adorno ou vestimenta com funcionalidades adicionais no metaverso, pertencente ao setor técnico de tecnologia de dispositivos vestíveis com aplicação no metaverso, o qual pode ser usado para acessar conteúdo virtual, com características técnicas, histórico de propriedade, data de criação ou aplicativos que estendem sua funcionalidade física, ou ainda para se conectar com outros usuários no metaverso. a presente invenção apresenta um dispositivo de uso pessoal para vestimenta ou adorno, sendo um dispositivo equipado com uma interface tecnológica capaz de representa-lo em uma rede de computadores que descrevem características adicionais do item e onde associam-se valores comercializáveis proporcionais às quantidades destes materiais descritos, onde a interface tecnológica é ligada a rede de computador capaz de processar contratos inteligentes. a associação de valores comercializáveis é feita através do uso de ativos tokenizados onde os ativos tokenizados estão eles próprios representados em blockchain."
102024002591,"SISTEMAS, APARELHOS E MÉTODOS PARA IMPLEMENTAÇÃO DE UM SISTEMA DE REGISTRO DISTRIBUÍDO (BLOCKCHAIN) DE CONSENSO DE PROVA DE NATUREZA, BASEADO NA VERIFICAÇÃO DA EXISTÊNCIA DE ÁREAS GEOGRÁFICAS CONTENDO NATUREZA PRESERVADA",GUSTAVO PIRES DE SA,Brasil,2024-02-07,"a presente invenção propõe um sistema de registro distribuído (blockchain) de consenso de prova de natureza, o qual requer, uma prova da existência atual ou recente de áreas geográficas contendo natureza preservada para haver consenso na rede. assim, é revelado um sistema de registro distribuído de consenso de prova de natureza, baseado na preservação da natureza e meio ambiente que compreende: um conjunto de estruturas de dados cuja função é armazenar dados geográficos e ambientais, cada qual associada a nós de validação (chamados de nós de preservação), os quais são responsáveis pelo processo de consenso; um banco de dados distribuído para armazenar os dados do sistema; uma rede de nós, onde são estabelecidas as conexões por meio de um protocolo de comunicação; um sistema de monitoramento da natureza e meio ambiente e integração com o sistema de registro distribuído, cuja função é viabilizar a comprovação da existência de áreas de natureza preservada no sistema; e um protocolo de consenso de prova de natureza, que exige a comprovação da existência de áreas geográficas contendo natureza preservada. dessa forma, ao se exigir uma prova da existência de natureza e meio ambiente como elemento essencial para o consenso em uma rede de um sistema de registro distribuído, cria-se um modelo de consenso inovador que ajudará a solucionar muitos dos problemas ambientais que vivenciamos, de forma que a natureza e meio ambiente passam a ser a força motriz para a sustentação e operação do sistema de registro distribuído de consenso de prova de natureza apresentado nesta invenção."
102022023156,MÉTODO DE GESTÃO DE CONSENTIMENTO PARA TRATAMENTO DE DADOS BASEADO EM BLOCKCHAIN PARA ATENDIMENTO AOS REQUISITOS DA LEI GERAL DE PROTEÇÃO DE DADOS - LGPD,FUNDACAO CPQD CENTRO DE PESQUISA E DESENVOLVIMENTO EM TELECOMUNICACOES,Brasil,2022-11-14,"novo método de gestão de consentimento para tratamento de dados baseado em blockchain para atendimento aos requisitos da lei geral de proteção de dados, relacionados com a identidade de um cliente pessoas físicas e jurídicas, e consentimento para o compartilhamento dos mesmos de forma segura, que realiza a gestão do consentimento para tratamento de dados do titular pelo controlador no contexto da lei geral de proteção de dados pessoais, através do uso de blockchain permissionada para registro do fornecimento, alteração de escopo, bloqueio e revogação de consentimento, por meio do uso de uma rede blockchain de propósito genérico, por exemplo a hyperledger fabric, onde são armazenados os registros gerados pelo fornecimento, alteração de escopo, bloqueio, desbloqueio e revogação do consentimento."
102020022339,SISTEMA DESCENTRALIZADO DE GESTÃO FINANCEIRA COM USO DE COMPUTAÇÃO COGNITIVA E INTELIGÊNCIA ARTIFICIAL,FREDERICO MARQUES ALMEIDA DE LAFFITTE,Brasil,2020-10-30,"esta patente tem como objetivo proteger a definição, a tecnologia, o sistema e o modus operandi do método que pode ser implementado em qualquer sistema, website, aplicativo, rede social ou qualquer outro meio que se permita executálo, que consiste em um método integrado a uma blockchain para registro, pesquisa, controle, transacionalização e monitoramento de dados financeiros. hoje em dia existem diversos sistemas de gestão financeira, mas a grande maioria possui falhas e mecanismos que permitem que dados sejam fraudados ou ainda que sejam inseridos dados ou valores incorretos, seja por descuido, seja propositalmente.  a nossa solução consiste na concomitância da utilização de diversas tecnologias, com o propósito de fornecer transparência, legitimidade e controle sobre a vida financeira, seja de uma empresa, do governo ou de qualquer um, cujo propósito que se enquadre na sua utilização. utilizamos os serviços cognitivos para facilitação do preenchimento dos dados a serem armazenados e dos serviços de aprendizado de máquina para monitorar falhas, erros, anomalias, desvios, roubos, fraudes, etc.  a nossa solução disponibiliza ferramentas públicas e privadas, para visualização dos dados financeiros registrados, recursos da inteligência artificial e aprendizado de máquinas para identificação de informações, moeda digital própria para integração, facilitação e controle financeiro."
102019014700,MÉTODO DE ANÁLISE E DEFINIÇÃO DE PLATAFORMA BLOCKCHAIN BASEADO EM CONTEXTO,FUNDACAO CPQD CENTRO DE PESQUISA E DESENVOLVIMENTO EM TELECOMUNICACOES,Brasil,2019-07-17,"trata o presente relatório da descrição detalhada acompanhada de figuras ilustrativas de um novo método de análise e definição de plataforma blockchain baseado em contexto, o qual leva em consideração o contexto do caso de uso específico a ser desenvolvido, fornecendo, de forma clara e objetiva, a plataforma blockchain que mais se adéqua a tal contexto, uma vez que a identificação da plataforma blockchain que mais se adéqua a determinado cenário da aplicação a ser desenvolvida pelo usuário ainda é um fator chave para seu bom desempenho e não é uma tarefa trivial. o método aqui proposto permite resolver esse desafio analisando e identificando a plataforma blockchain que mais se adéqua a um determinado contexto, eliminando, assim, processos empíricos na escolha da plataforma para o desenvolvimento da mesma."
102023008014,MÉTODO DE REGISTRO DE DADOS BASEADO EM IDENTIDADE DIGITAL DESCENTRALIZADA DE PACIENTES DOS SISTEMAS PÚBLICO E PRIVADO DE SAÚDE EM BLOCKCHAIN PERMISSIONADA PARA COMPARTILHAMENTO SEGURO DE DADOS,MIL TECNOLOGIA E INOVACAO DO BRASIL LTDA FUNDACAO CPQD CENTRO DE PESQUISA E DESENVOLVIMENTO EM TELECOMUNICACOES,Brasil,2023-04-27,"método de registro de dados baseado em identidade digital descentralizada de pacientes dos sistemas público e privado de saúde em blockchain permissionada para compartilhamento seguro de dados. trata a presente invenção de um método para registro de dados de pacientes dos sistemas público e privado de saúde em uma rede blockchain permissionada utilizando a identidade digital descentralizada. tal procedimento possibilita que o paciente compartilhe os seus dados de saúde com diferentes atores do sistema tais como médicos, clínicas, hospitais laboratórios clínicos e gestores públicos e privados, a partir do seu consentimento expresso. além disso, a solução permite que o paciente realize a migração para outro serviço de saúde fazendo a portabilidade dos seus dados, ou seja, a solução possibilita que os pacientes assumam a controle dos seus dados de saúde, ou dados sensíveis, em total alinhamento com a lei geral de proteção de dados. para isso, o método utiliza uma blockchain permissionada hyperledger fabric para registros dos dados dos pacientes e uma segunda blockchain permissionada para registros da identidade digital descentralizada, a hyperledger indy."
102022026504,MÉTODO DE ANÁLISE BASEADA EM CONTEXTO PARA DEFINIÇÃO DE GOVERNANÇA PARA REDES E APLICAÇÕES BLOCKCHAIN PARA O SETOR DE SAÚDE,MIL TECNOLOGIA E INOVACAO DO BRASIL LTDA FUNDACAO CPQD CENTRO DE PESQUISA E DESENVOLVIMENTO EM TELECOMUNICACOES,Brasil,2022-12-23,"a invenção se volta à tecnologia blockchain em modelos de negócios, de modo a abrir novas oportunidades para melhorar serviços e aplicações com novos atributos como integridade, transparência e auditabilidade. a invenção compreende pelo menos quatro etapas do desenho de um modelo de governança para aplicações baseadas em blockchain: a primeira abordando o nível de negócios, a segunda o nível de parceira, seguidas estas etapas de um sequenciamento das etapas de criação da governança de forma coerente com as fases típicas de surgimento e crescimento das iniciativas as quais ela se destina a regular, incluindo pelo menos quatro etapas, sendo a terceira etapa referente a decisões no nível da aplicação e no nível da rede, e a quarta etapa tratando de decisões referentes à governança do consórcio e do ecoss"
102023014976,"MÉTODO PARA IDENTIFICAÇÃO CIVIL, CRIMINAL E PÓS-MORTEM POR BLOCKCHAIN",UNIVERSIDADE FEDERAL DO SUL E SUDESTE DO PARA,Brasil,2023-07-26,"a presente invenção ""método para identificação civil, criminal e pós-mortem por blockchain” apresenta um método no qual é utilizada a tecnologia de blockchain para otimizar os processos de identificações utilizados atualmente, diferenciando-se dos métodos utilizados na atualidade pela garantia de maior segurança por criptografia nos arquivos gerados, sigilo e imutabilidade dos dados armazenados. a presente invenção, constitui-se de um método para arquivamento de fichas de cadastro de identificações civis, criminais e pós-mortem que dará acesso aos agentes de segurança pública internos para cadastro e verificação tornando impossível a edição posterior ao cadastro assim evitando vários tipos de fraudes como também dar acesso rápido aos agentes externos (de outras instituições) para fazer buscas com a finalidade de agilizar o processo de identificação nas suas mais variadas formas. a invenção busca agilizar o procedimento realizado atualmente assim como garantir o atendimento seguro e preciso aos cidadãos que buscam este serviço realizado pela administração pública, garantindo a segurança de tais arquivos pela tecnologia blockchain. visa também otimizar as atividades dos peritos, papiloscopistas e demais integrantes das polícias judiciárias, auxiliando na cadeia de custódia nos casos que necessitam de comparações de dados usando a identificação civil, criminal e pós-mortem, garantindo uma maior segurança e agilidade nas informações requisitadas pela segurança pública."
102023006787,SISTEMA PARA INTEGRAÇÃO ENTRE REDE SOCIAL E GERENCIAMENTO DE PALPITES,VIVIANE SALVETTI,Brasil,2023-04-12,"“sistema para integração entre rede social e gerenciamento de palpites” a presente invenção revela um sistema voltado para integração de rede social, relacionamento com usuários, jogos e transmissão em tempo real de processamento de palpites, que são validados por blocos de bitcoin minerados pela blockchain. o sistema é programado para avaliar se há desvio de conduta, perfil de estabilidade, compatibilidade, perfil alvo de palpites de usuários e, em seguida, identificar qual o curso do palpite. ele também permite transações bitcoin e/ou criptomoeda em meio a um ambiente seguro e aferível para o usuário. no sistema de acordo com a presente invenção o sorteio e o número gerado do sorteio são vinculados ao bloco de bitcoin a ser minerado e em conjunto com sua hash (números da hash), permitindo total transparência nos ciclos de palpite."
102023014419,SISTEMA COM INTEGRAÇÃO ENTRE REDE SOCIAL E GERENCIAMENTO DE PALPITES,VIVIANE SALVETTI,Brasil,2023-07-18,"a presente invenção revela um sistema voltado para integração de rede social, relacionamento com usuários, jogos e transmissão em tempo real de processamento de palpites, que podem ser validados por blocos de bitcoin minerados pela blockchain ou por sorteio da loteria federal. o sistema é programado para avaliar se há desvio de conduta, perfil de estabilidade, compatibilidade, perfil alvo de palpites de usuários e, em seguida, identificar qual o curso do palpite. ele também permite transações bitcoin e/ou criptomoeda em meio a um ambiente seguro e aferível para o usuário. numa modalidade preferida do sistema de acordo com a presente invenção, o sorteio e o número gerado do sorteio são vinculados ao bloco de bitcoin a ser minerado e em conjunto com sua hash (números da hash), permitindo total transparência nos ciclos de palpite. o sistema de acordo com a presente invenção permite operação tanto em mononível quanto em multinível."
112021001622,CAIXA DE ENTREGA EM DOMICÍLIO AUTÔNOMA INTELIGENTE,MARGENTO R D D O O,Eslovênia,2018-07-30,"caixa de entrega em domicílio autônoma inteligente.
a invenção se refere a uma caixa de armário segura incluindo uma caixa básica (100) com uma porta encerrando uma área de armazenamento e um sistema de armário para bloquear a dita porta, em que o dito sistema de bloqueio inclui uma unidade de processamento (201), um bloqueio de porta eletromecânica (202) e um módulo de comunicação sem fio (300). a unidade de processamento (201) está adaptada para receber um sinal de despertar através do dito módulo de comunicação sem fio (300); enviar uma solicitação para desbloquear o dito bloqueio de porta eletromecânica (202) e abrir a dita porta; em resposta ao recebimento de uma mensagem de confirmação de desbloqueio, acionar o dito bloqueio de porta eletromecânica (202) de modo que ela abra a dita porta; reconhecer o fechamento da dita porta e bloquear o dito bloqueio de porta eletromecânica (202) e, em resposta, enviar uma mensagem de confirmação de porta fechada e bloqueio de porta bloqueada. um método para lidar com a caixa de armário segura compreende receber a mensagem de confirmação por um centro de armário remoto (400) e registrar uma confirmação para uma block chain para garantir a autenticidade."
112022026374,MÉTODO E SISTEMA PARA ACEITAÇÃO DE CRIPTOMOEDA POR COMERCIANTES ATRAVÉS DE PLATAFORMAS DE PAGAMENTO,MASTERCARD ASIA PACIFIC PTE LTD,Singapura,2020-06-24,"método e sistema para aceitação de criptomoeda por comerciantes através de plataformas de pagamento. um método para aceitação de pagamento em blockchain em um dispositivo de ponto de venda tradicional direto para um comerciante inclui: receber uma solicitação de autorização para uma transação de pagamento fiduciário, incluindo um número de conta de transação, valor da transação e identificador do comerciante; identificar a aceitação de pagamento em blockchain para uma conta de transação associada ao número da conta de transação; transmitir uma solicitação de endereço para um servidor de câmbio incluindo o identificador do comerciante; receber um endereço de destino associado ao identificador do comerciante para uma rede blockchain do servidor de câmbio; transmitir uma nova transação blockchain para um nó blockchain na rede blockchain incluindo o endereço de destino e um valor de criptomoeda, com base no valor da transação; e transmitir uma resposta de autorização para a transação de pagamento fiduciário a uma rede de pagamento para roteamento a um dispositivo de ponto de venda, a resposta de autorização incluindo uma indicação de que a liberação e liquidação da transação de pagamento fiduciário não são necessárias."
112019003559,MÉTODO E COMPONENTE PARA CONFIGURAR SEGURAMENTE UM DISPOSITIVO,SIEMENS AG,Alemanha,2016-08-24,"a presente invenção refere-se a um método para configuração segura de um dispositivo, tendo as seguintes etapas: - verificar uma estrutura de dados de blockchain com base em uma criptomoeda, no qual a estrutura de dados de blockchain tem pelo menos um bloco com dados de transação; - verificar pelo menos uma transação associada com os dados de transação, no qual a transação inclui um item de informação de configuração de dispositivo; - examinar a estrutura de dados de blockchain; e - configurar o dispositivo com base na peça de informação de configuração de dispositivo no exame bem-sucedido. um exame independente complexo pelo dispositivo e uma entidade associada com o dispositivo é dispensado de forma vantajosa. a etapa complexa de exame da transação real é transferida à rede de blockchain e o cliente meramente precisa validar uma estrutura de dados de blockchain com base em uma estabilidade do blockchain."
112020008454,SISTEMA E MÉTODO PARA CONTROLAR ATIVOS DIGITAIS,SICPA HOLDING SA,Suíça,2017-11-21,"método e sistema de controle por uma emissão ou destruição de ativos digitais de autoridade de controle (2) a partir de uma solicitação recebida por um livro-razão credenciado (8), de modo que a autoridade de controle possa acessar o livro-razão (8) para ler os dados armazenados no mesmo. a solicitação pode estar relacionada à transferência do registro de ativo digital para uma conta ou entre duas contas. as solicitações incluem marcação de tempo e armazenamento e saldo atualizado. em particular, o livro-razão (8) registra a transferência de acordo com a solicitação recebida, atualizando saldos apenas no caso do saldo atualizado da conta digital da conta a ser debitada ser positivo."
102019016962,"ALARME, DISPOSITIVO DE SEGURANÇA E DISPOSITIVO DE EXPULSÃO DE AGRESSOR, PARA VEÍCULOS AUTOMOTORES",FELIPE BORIS DE MOURA PARTIKA,Brasil,2018-08-17,"utilizado para proteger o veículo automotor (v) e seus ocupantes, quer estando o veículo automotor (v) parado, estacionado ou em movimento, contendo alarme sonoro (9), alarme luminoso (10), câmera de vigilância (2a) interna no veículo automotor (v), para o reconhecimento facial de motorista não autorizado, sistema de envio remoto de informações (13) para a autoridade policial, possuindo um lançador de fumaça (1), câmeras de vigilância (2) e sensores (3) instalados em boxes (4) em pontos externos do veículo automotor (v), sendo que as câmeras de vigilância (2) se destinam a monitorar (m) a atividade externa ao referido veículo automotor (v), sendo que as imagens (36) capturadas pelas referidas câmeras de vigilância (2) são analisadas em tempo real por uma central interna de processamento (5), dotada de processador de inteligência artificial (6), que processa estas imagens (36) através do algoritmo de domínio público, sendo que no presente sistema é utilizado o aprendizado profundo com rede neural convulucionária, de código aberto, treinada para reconhecimento de objetos relacionados a violência, como por exemplo: pistolas, revolveres, facas e outras armas brancas, sendo que as imagens são processadas pela biblioteca de fonte aberta opencv, onde são transformadas em matrizes de dados chamadas tensores, sendo que estas matrizes de dados são submetidos a rede neural de código aberto, para reconhecimento dos objetos indicando violência, reconhecendo a presença de objetos relacionados à violência, inclusive arma de fogo (7), nas mãos do agressor/assaltante (8), que está nas proximidades do referido veículo automotor (v) e, ao detectar este comportamento violento (cv), entra em modo de proteção (mp) e inicia as medidas de salvaguarda dos ocupantes do veículo automotor (v), com o disparo de alarme sonoro (9), disparo de alarme luminoso (10), através da buzina e das luzes do próprio veículo automotor (v), e acionamento dos dispositivos de lançamento de fumaça (1), instalados juntamente com as câmeras de vigilância (2) e sensores (3), em boxes (4) em pontos externos do veículo automotor (v), onde uma cortina de fumaça (11) é lançada através do duto (32) em direção ao agressor/assaltante (8), repelindo a agressão/assalto e provocando a evasão do referido agressor/assaltante (8), concomitantemente com a gravação (17) das imagens (36) capturadas pelas câmeras de vigilância (4) e o envio remoto (13) das referidas imagens (36) e da localização (gps) do veículo automotor (v) para a autoridade policial (18) ou outro determinado, informando a ocorrência, com a publicação da informação de localização em uma rede de blockchain (rede de dados criptografada, com código aberto), para estatísticas, seguro, etc."
112018071802,SISTEMA E MÉTODO IMPLEMENTADOS POR COMPUTADOR PARA CONTROLAR UM DISPOSITIVO,NCHAIN HOLDINGS LTD,Suíça,2016-04-29,"a invenção fornece um sistema operacional genérico para coordenar, controlar e/ou influenciar as atividades de um dispositivo. a invenção é implementada usando uma plataforma blockchain com a qual o sistema operacional é arranjado para interagir. o blockchain pode ser o blockchain do bitcoin. em uma modalidade preferencial, o dispositivo é um dispositivo internet das coisas (iot). a invenção fornece um sistema de controle implementado por computador e um método correspondente para controlar um dispositivo, o sistema compreendendo um dispositivo configurado para comunicação sem fio com uma rede tendo um endereço ip e um par de chave criptográficas pública-privada associado ao dispositivo; um componente de controle implementado por software arranjado para monitorar o estado de uma rede blockchain e/ou transmitir transações por blockchain para a rede de blockchain; e um conjunto de instruções arranjadas para execução pelo componente de controle para controlar a funcionalidade do dispositivo. o componente de controle é arranjado para acessar o conjunto de instruções a partir de um local armazenado separado do dispositivo. as instruções pode ser armazenado em uma tabela de dispersão distribuída (dht) e acessada para download e instalação pelo componente de controle a partir da dht conforme e quando necessário. a localização da dht e/ou instruções pode ser indicada ou fornecida usando metadados fornecidos dentro de uma transação por blockchain. o conjunto de instruções pode ser acessado pelo componente de controle usando uma chave de conferência que é relacionada a um par de chave criptográficas. o componente de controle é fornecido no dispositivo ou, em outras modalidades, pode ser fornecida em um local fora do dispositivo e arranjado para comunicação sem fio com o dispositivo."
112019008160,"MÉTODO IMPLEMENTADO POR COMPUTADOR EXECUTADO POR UM NÓ DE CONSENSO DE UMA REDE DE CADEIA DE BLOCOS, MEIO DE ARMAZENAMENTO LEGÍVEL POR COMPUTADOR E SISTEMA PARA IMPLEMENTAR UM MÉTODO",ADVANCED NEW TECHNOLOGIES CO LTD,Ilhas Cayman,2018-11-07,"as implementações da presente divulgação incluem receber, de uma primeira conta, uma cópia assinada digitalmente de uma pluralidade de notas, um compromisso de um montante de transação de uma transação entre a primeira conta e uma segunda conta paga por pelo menos uma parte da pluralidade de notas, um compromisso de uma alteração a partir da dedução do montante de transação a partir de um valor total da pluralidade de notas e uma prova de conhecimento zero gerada com base em um ou mais números aleatórios selecionados. a primeira conta determina que o valor total da pluralidade de notas equivale à soma do montante da transação e da alteração, valida a transação e atualiza a primeira conta e a segunda conta com base na pluralidade de notas, no montante da transação e na alteração."
112019012905,MÉTODO PARA O ENVIO DAS INFORMAÇÕES DE TRANSAÇÃO E DISPOSITIVO PARA O ENVIO DAS INFORMAÇÕES DE TRANSAÇÃO,ALIBABA GROUP HOLDING LTD,China,2017-03-24,"a presente invenção se refere às implementações que descrevem um método e um dispositivo para o envio das informações de transação e realizar a verificação de consenso. se outro nódulo de consenso falha em receber as informações de transação enviadas através de um nódulo de manuseio em uma fase de manuseio de transação, o outro nódulo de consenso pode enviar uma notificação de falha de verificação de consenso que inclui um identificador de informações de transação ao nódulo de manuseio em uma fase de verificação de consenso, se o outro nódulo de consenso determina que as informações de transação incluídas em um bloco pré-processado não existem em um conjunto de transações de outro nódulo de consenso, de maneira que o nódulo de manuseio reenvia as informações de transação para o outro nódulo de consenso. de acordo com as implementações do presente aplicativo, pode ser assegurado, tanto quanto possível, que as informações de transação armazenadas em conjuntos de transações de nódulos de consenso sejam consistentes e, por conseguinte, a precisão de um resultado de verificação de consenso dos nódulos de consenso não seja reduzida."
112018007449,"DISPOSITIVO DE COMPUTAÇÃO, MÉTODO IMPLEMENTADO POR COMPUTADOR E DISPOSITIVO DE MEMÓRIA LEGÍVEL POR COMPUTADOR",BANQU INC,Estados Unidos,2015-10-17,"plataforma de identidade e transação baseada em cadeia de blocos. a presente invenção refere-se a sistemas, métodos e meios de computador implementando plataformas de identidade e transação baseadas em cadeia de blocos. informação de identidade, tal como uma fotografia, para uma pessoa, pode ser criptografada e armazenada em uma cadeia de blocos como parte de inscrever a pessoa como um usuário em uma plataforma de identidade e transação baseada em cadeia de blocos. relações de confiança podem ser formadas entre o usuário e outros usuários, e registros das relações de confiança também podem ser armazenados na cadeia de blocos. transações entre o usuário e outros usuários com os quais o usuário formou uma relação de confiança também podem ser armazenadas na cadeia de blocos. as transações podem ser autorizadas, por exemplo, através de um processo de verificação com múltiplos estágios que acessa informação armazenada na cadeia de blocos. as transações e a informação de identidade, junto com outras informações, contribuem para uma identidade econômica da pessoa."
112019007991,"MÉTODO IMPLEMENTADO POR COMPUTADOR DE UM RELÉ PARA INTERAÇÕES DE CADEIA CRUZADA EM UMA REDE DE PROTOCOLO DE CONFIANÇA UNIFICADA, MEIO DE ARMAZENAMENTO LEGÍVEL POR COMPUTADOR, NÃO TRANSITÓRIO E SISTEMA",ALIBABA GROUP HOLDING LTD,China,2018-11-16,"as formas de realização da presente invenção incluem a identificação, através de um relé (relay) que está ligado de forma comunicativa a uma primeira instância de protocolo de confiança (blockchain) e uma segunda instância de protocolo de confiança em uma rede de protocolo de confiança unificada, um nome de domínio do protocolo de confiança de uma primeira instância de protocolo de confiança; identificando um nome de domínio do protocolo de confiança da segunda instância de protocolo de confiança; receber, de um nó da primeira instância de protocolo de confiança, um pedido de acesso para acessar a segunda instância de protocolo de confiança, em que o pedido de acesso inclui o nome de domínio do protocolo de confiança da segunda instância de protocolo de confiança; identificar um identificador de cadeia da segunda instância de protocolo de confiança com base no nome de domínio do protocolo de confiança da segunda instância de protocolo de confiança, em que o identificador de cadeia da segunda instância de protocolo de confiança indica uma configuração de rede de protocolo de confiança da segunda instância de protocolo de confiança; e fornecendo acesso à segunda instância de protocolo de confiança para a primeira instância de protocolo de confiança com base na configuração de rede de protocolo de confiança indicada pelo identificador de cadeia da segunda instância de protocolo de confiança."
112021008819,GERENCIAMENTO DE PERMISSÕES PARA ACESSAR DADOS DE USUÁRIO EM UMA REDE DE CONFIANÇA DE LIVRO-RAZÃO DISTRIBUÍDO,BANQU INC,Estados Unidos,2018-11-13,"gerenciamento de permissões para acessar dados de usuário em uma rede de confiança de livro-razão distribuído. a presente invenção refere-se a mecanismos para gerenciar permissões para acessar dados de usuário em uma rede de confiança de livro-razão distribuído (""dltn""). um determinado usuário pode compartilhar acesso aos dados de usuário em uma maneira refinada. o acesso aos dados de usuário pode depender da categoria dos dados de usuário e/ou da função de outro usuário (por exemplo, se o outro usuário é reconhecido como uma conexão). o acesso aos dados de usuário pode ser limitado em duração. as permissões para acessar os dados de usuário podem ser definidas de forma proativa ou reativa. um protocolo permite que um possível revisor solicite o acesso aos dados de usuário de um determinado usuário, com o determinado usuário aprovando ou rejeitando seletivamente o acesso pelo revisor. dessa forma, um determinado usuário pode controlar o acesso aos dados de usuário no dltn, seletivamente concedendo (ou revogando) acesso a alguns dos dados de usuário ou todos os dados de usuário, por outros usuários selecionados ou por todos os outros usuários."
112019008168,"MÉTODOS IMPLEMENTADOS POR COMPUTADOR, MEIO DE ARMAZENAMENTO LEGÍVEL POR COMPUTADOR E SISTEMA",ALIBABA GROUP HOLDING LTD,China,2018-11-07,"as formas de realização da presente invenção incluem a obtenção de uma chave secreta, através de um nó cliente (client node), de acordo com um esquema de compartilhamento secreto limiar acordado por uma pluralidade de nós clientes; gerar um ou mais valores de comprometimento de uma transação confidencial do nó cliente, através da aplicação de um esquema de comprometimento criptográfico aos dados de transação; gerar informação de transação criptografada da transação confidencial, através da criptografia dos dados de transação usando a chave secreta; e transmitir, a um nó de consenso de uma rede de protocolo de confiança (blockchain), um conteúdo da transação confidencial para execução, em que o conteúdo da transação confidencial compreende: o um ou mais valores de comprometimento; as informações de transação criptografadas; e uma ou mais provas de conhecimento zero dos dados de transação."
112020003304,"MÉTODO E DISPOSITIVO PARA PROPORCIONAR UM CONJUNTO DE GRUPOS DE DADOS DE TRANSAÇÕES CRIPTOGRAFICAMENTE SEGUROS, FILTRADOS E CLASSIFICADOS DE UM BLOCO DE CADEIA DE BLOCOS, EQUIPAMENTO DE FILTRAGEM, UNIDADE DE ACESSO, E MONTAGEM DE COMUNICAÇÃO",SIEMENS AKTIENGESELLSCHAFT,Alemanha,2017-08-18,"a presente invenção refere-se a dispositivos para proporcionar um conjunto de grupos de dados de transações criptograficamente seguros e filtrados e classificados de um bloco de uma cadeia de blocos, e a um método para formar um conjunto dos grupos de dados de transações classificados. um aspecto da invenção é um dispositivo para proporcionar um conjunto de grupos de dados de transações criptograficamente seguros e filtrados de um conjunto de grupos de dados de transações (tx2, tx1, tx0, tx3) de um bloco (b10, b11) de uma cadeia de blocos, que tenha sido checada para integridade e semanticamente classificada, cujo bloco é formado em particular de acordo com o método de acordo com a invenção, o dito dispositivo compreende: um meio de provisão para proporcionar pelo menos um bloco de uma cadeia de blocos; e um meio de acoplamento para acoplar o meio de provisão a um equipamento de filtragem, que determina, por meio de um critério de filtragem, o conjunto de grupos de dados de transações filtrados do conjunto de grupos de dados de transações da cadeia de blocos, que tenha sido checado e semanticamente classificado; e um meio de saída para proporcionar o conjunto determinado de grupos de dados de transações filtrados."
112019008151,"MÉTODO IMPLEMENTADO POR COMPUTADOR, MEIO DE ARMAZENAMENTO LEGÍVEL POR COMPUTADOR NÃO TRANSITÓRIO E SISTEMA",ALIBABA GROUP HOLDING LTD,China,2018-11-07,"as formas de realização da presente invenção incluem receber, através de um nó de consenso de uma primeira conta, uma cópia assinada digitalmente de um valor de comprometimento de um valor de transação, um segundo número aleatório criptografado usando uma chave pública da primeira conta, um terceiro número aleatório criptografado usando uma chave pública da segunda conta, uma ou mais provas de intervalo e um conjunto de valores gerados com base em um ou mais números aleatórios selecionados. o nó de consenso verifica então uma assinatura digital correspondente à cópia assinada digitalmente usando uma chave pública da primeira conta correspondente a uma chave privada usada para gerar a assinatura digital. ele também atualiza o saldo da primeira conta e um saldo da segunda conta com base no valor da transferência de saldo, se o primeiro número aleatório, o segundo número aleatório e o terceiro número aleatório forem os mesmos."
112018016821,SISTEMA E MÉTODOS IMPLEMENTADOS POR COMPUTADOR,NCHAIN HOLDINGS LTD,Suíça,2016-02-23,"a divulgação diz respeito a um sistema implementado por blockchain e método de controle da transmissão e/ou distribuição de conteúdo digital. em uma modalidade ilustrativa, o blockchain é o blockchain de bitcoin. o primeiro usuário (5) é associado a uma quantidade de depósito de criptomoeda em um endereço comum (23), em que para gastar a partir do endereço comum são necessárias assinaturas tanto de uma primeira chave privada do primeiro usuário (5) e uma segunda chave privada do segundo usuário (7). o sistema (1) compreende um primeiro nó (15) e um segundo nó (17).- o primeiro nó (15) é associado a um primeiro usuário (5) compreendendo um primeiro dispositivo de processamento. o segundo nó (17) é associado ao segundo usuário (7) compreendendo um segundo dispositivo de processamento e com base no resultado de verificação o segundo dispositivo de processamento é configurado adicionalmente para: (iii) prover acesso, através da rede de comunicações (8), ao episódio de conteúdo digital (i) para estar disponível ao primeiro nó (15); e (iv) subscrever, com a segunda chave privada do segundo usuário (5), a transação de pagamento e enviar a transação de pagamento subscrita para um livro-razão distribuído (blockchain) (9)."
112018071743,MÉTODO DE CONTROLE E SISTEMA IMPLEMENTADOS POR COMPUTADOR E SISTEMA DE CONTROLE INCORPORANDO UM CÁLCULO OU OPERAÇÃO BOOLEANA,NCHAIN HOLDINGS LTD,Suíça,2016-04-29,"a invenção apresenta uma solução em que transações por blockchain são criadas para implementar a funcionalidade de uma porta lógica. a invenção pode ser implementada na plataforma bitcoin ou em uma plataforma blockchain alternativa. a transação inclui um script de travamento que compreende instruções selecionadas de modo a implementar a funcionalidade de uma porta lógica, tal como or, and, xor, not e assim por diante. em alguns exemplos, as instruções podem ser providas em uma forma calculada em hash. quando o script é executado (em função de uma segunda transação estar tentando pagar a saída associada ao script de travamento), as entradas serão processadas pelas instruções condicionais para prover uma saída de true ou false. a segunda transação é transmitida para a rede blockchain para validação e, se determinado ser válida, ela será escrita no blockchain. a validação da segunda transação pode ser interpretada como uma saída true. assim, o script de travamento da primeira transação provê a funcionalidade da porta lógica desejada. a invenção provê inúmeras vantagens e pode ser usada em uma ampla variedade de aplicações, tais como para a implementação de sistema e processos de controle."
112019008180,"MÉTODO IMPLEMENTADO POR COMPUTADOR DE UM NÓ CLIENTE, MÉTODO IMPLEMENTADO POR COMPUTADOR PARA REGULAMENTAR TRANSAÇÕES CONFIDENCIAIS DE PROTOCOLO DE CONFIANÇA, MEIOS DE ARMAZENAMENTO LEGÍVEIS POR COMPUTADOR NÃO TRANSITÓRIOS E SISTEMAS",ALIBABA GROUP HOLDING LTD,China,2018-11-07,"as formas de realização da presente invenção incluem a obtenção, por meio de um nó cliente de uma rede de protocolo de confiança, de uma chave pública de um nó regulador; geração, por meio do nó cliente, de um ou mais valores de comprometimento de uma transação confidencial do nó cliente, aplicando um esquema de comprometimento criptográfico aos dados de transação da transação confidencial; geração, por meio do nó cliente, de informações reguladoras criptografadas da transação confidencial, criptografando os dados da transação usando a chave pública do nó regulador; e transmitindo, por meio do nó cliente para um nó de consenso da rede de protocolo de confiança, um conteúdo da transação confidencial para execução, em que o conteúdo da transação confidencial inclui: o um ou mais valores de comprometimento; as informações reguladoras criptografadas; e uma ou mais provas de conhecimento zero dos dados da transação."
112019011827,MÉTODO PARA RASTREAR MERCADORIAS COM BASE EM PROTOCOLO DE CONFIANÇA E APARELHO PARA RASTREAR MERCADORIA COM BASE EM PROTOCOLO DE CONFIANÇA,ALIBABA GROUP HOLDING LTD,China,2018-05-29,"método para rastrear mercadorias com base em protocolo de confiança e aparelho para rastrear mercadoria com base em protocolo de confiança.uma ou mais formas de realização do presente relatório descritivo fornece métodos e aparelho para rastrear mercadoria com base em protocolo de confiança, e um dispositivo eletrônico. o método pode incluir o seguinte: coletar dados de aparência da mercadoria alvo. os dados de aparência da mercadoria alvo são registrados em um banco de dados distribuído de um protocolo de confiança como uma identidade da mercadoria alvo. o banco de dados distribuído do protocolo de confiança é pesquisado por um registro de mercadorias que é armazenado e que está associado à identidade indicada pela aparência do produto alvo. o rastreamento de mercadoria é executado no registro de mercadorias para completar um rastreamento de mercadoria para a mercadoria alvo."
112019016598,"MÉTODOS IMPLEMENTADO POR COMPUTADOR, MEIOS DE ARMAZENAMENTO NÃO TRANSITÓRIO E SISTEMAS",ALIBABA GROUP HOLDING LTD,China,2018-12-13,"método para realizar uma alteração de um nó primário em uma rede de protocolo de confiança inclui um nó de cópia de segurança da rede de protocolo de confiança determinando que uma alteração de época precisa ser realizada, determinar um peso respectivo do nó de cópia de segurança associado com cada uma das três fases de um processo de consenso em uma época atual, determinar uma soma de peso para o nó de cópia de segurança com base nos respectivos pesos, enviando uma mensagem epoch_change para os outros nós de rede para solicitar um novo nó primário em uma nova época, receber mensagens new_epoch dos outros nós de rede, determinar se um número de mensagens new_epoch válidos excede um segundo limiar predeterminado, e determinar o nó de cópia de segurança como sendo o novo nó primário na nova época em resposta à determinação de que o número de mensagens new_epoch válidos excede o segundo limiar predeterminado."
112019008008,"MÉTODO IMPLEMENTADO POR COMPUTADOR, MEIO LEGÍVEL POR COMPUTADOR E SISTEMA",ALIBABA GROUP HOLDING LTD,China,2018-11-30,"as implementações da presente invenção incluem o recebimento, por meio de um sistema de gestão de atualizações do contrato, de uma solicitação de atualização indicando uma alteração em um contrato inteligente, a alteração sendo uma proposta de atualização do contrato inteligente, a determinação, pela realização de atualizações do sistema de gestão de atualizações de contrato inteligente, se as condições são atendidas para atualizar o contrato inteligente para incorporar a alteração, as atualizações do contrato inteligente definindo as condições, e ao determinar, pelo sistema de gestão de atualizações do contrato, que as condições são atendidas, atualizar por meio do sistema de gestão de atualizações do contrato, o contrato inteligente, e registrar a alteração em um ou mais blocos em um protocolo de confiança de uma rede de protocolo de confiança."
112018071814,UM MÉTODO E SISTEMA PARA CONTROLAR A EXECUÇÃO DE UM CONTRATO UTILIZANDO UMA TABELA DE DISPERSÂO DISTRIBUÍDA E UM LIVRO-RAZÃO DISTRIBUÍDO ATRAVÉS DE PEER-TO-PEER,NCHAIN HOLDINGS LTD,Suíça,2016-04-29,"um método implementado por computador (100) e sistema (1) para controlar a execução de um contrato inteligente. o método inclui o armazenamento de um contrato no ou em um repositório baseado em computador. o contrato é associado a uma licença entre um primeiro usuário (u1) e um segundo usuário (u2). o método inclui, adicionalmente, receber, através de uma rede de comunicações, uma transação compreendendo uma transferência de um token a partir de um agente (a) para o primeiro usuário (u1) ou o segundo usuário (u2). a transação compreende metadados que incluem um identificador indicativo de uma localização onde o contrato é armazenado. o método inclui, adicionalmente, consultar um livro-razão distribuído através de peer-to-peer (por exemplo, blockchain) para determinar se a transação compreende pelo menos uma saída não gasta (utxo). o método inclui, adicionalmente, resposta à consulta ao livro-razão distribuído através de peer-to-peer, determinando se deve modificar a execução do contrato. o blockchain pode ser o blockchain de bitcoin."
112021010155,IMPLANTAÇÃO E OPERAÇÃO SEGURA DE UM SISTEMA DE PLATAFORMA VIRTUAL,NAGRAVISION S A,Suíça,2018-12-03,"implantação e operação segura de um 
sistema de plataforma virtual. a presente invenção se refere a um 
sistema de plataforma virtual para uso em um sistema baseado em nuvem, 
compreendendo: um simulador de plataforma virtual configurado para 
representar em software um dispositivo cliente remoto físico e interagir
 com um aplicativo de plataforma virtual; um processo virtual máquina 
configurada para executar instruções de programa do aplicativo de 
plataforma virtual e que compreendendo um componente de código morpher 
para transformar as instruções do programa do aplicativo de plataforma 
virtual em instruções do programa nativo para execução em uma máquina 
host física do sistema baseado em nuvem; e componentes de interceptação 
para capturar transações do simulador de plataforma virtual e da máquina
 virtual de processo. as transações estão relacionadas à execução das 
instruções do programa da aplicação da plataforma virtual. o sistema de 
plataforma virtual é configurado para comparar as transações capturadas 
com transações pré-armazenadas, de preferência armazenadas em uma cadeia
 de blocos, para obter um resultado de comparação e permitir a execução 
das instruções do programa dependendo do resultado da comparação."
112018016212,SISTEMA E MÉTODO PARA VERIFICAÇÃO DA AUTENTICIDADE DE INFORMAÇÕES DE DOCUMENTO,MOLONEY LINDSAY SCOTT GUY,Austrália,2016-02-08,"é fornecido um sistema e método para verificação de autenticidade de informação de documento para aplicações incluindo a verificação de autenticidade de informação das declarações de realização da documentação do curso emitida por organizações de treinamento registradas, verificação de documento de viagem e outros documentos confidenciais que exigem verificação de autenticidade, como documentos emitidos por escritórios de advocacia, escritórios de contabilidade, instituições governamentais e similares. o método pode compreender um estágio de criação de registro de verificação compreendendo: receber metadados de conteúdo de documento a partir de um documento; gerar um hash de metadados usando os metadados de conteúdo de documento; criar uma transação de cadeia de blocos (?blockchain?) compreendendo o hash de metadados; e gerar dados legíveis por computador que codificam o hash de metadados; atualizar o documento com os dados legíveis por computador e um estágio de verificação de documento compreendendo: receber o documento; extrair o hash de metadados a partir dos dados legíveis por computador; e identificar o hash de metadados dentro de transações de cadeia de blocos (?blockchain?) da cadeia de blocos (?blockchain?) para verificar a autenticidade dos metadados de documento."
112019008546,"MÉTODO, COMPUTADOR DO NÓ ADMINISTRATIVO, E, PRIMEIRO COMPUTADOR DO NÓ.",VISA INT SERVICE ASS,Estados Unidos,2016-11-03,um método para rastrear várias classes de registros em um único blockchain é divulgado. os identificadores de classe podem ser usados para cada entrada de registro para distinguir entre classes dentro do blockchain.
112023022357,SISTEMAS E MÉTODOS PARA CÁLCULO E RASTREAMENTO AUTOMÁTICOS DE INTENSIDADE DE CARBONO,CHRISTOPH IMPEKOVEN PATRICK GRUBER,Alemanha / Estados Unidos,2021-04-27,"sistemas e métodos para cálculo e rastreamento automáticos de intensidade de carbono. trata-se de sistemas/métodos para gerar e rastrear automaticamente uma pontuação de intensidade de carbono (ci) atribuída a um produto particular à medida que o produto atravessa através de uma usina de processamento e etapas distintas em uma cadeia de fornecimento. em alguns exemplos, pontuações de ci intermediárias podem ser atribuídas ao produto à medida que ele completa cada etapa em seu ciclo de vida. as pontuações de ci intermediárias podem ser agregadas para produzir uma pontuação de ci final. cada pontuação de ci intermediária é registrada em um blockchain, de modo que a pontuação de ci seja independentemente verificável e auditável. em outros aspectos exemplificativos, um modelo de aprendizado de máquina pode ser aplicado aos dados de entrada recebidos a partir de cada parte interessada de cadeia de fornecimento e pontuações de ci, em que o modelo de aprendizado de máquina gera sugestões inteligentes para partes interessadas para como ajustar seus processos para reduzir as pontuações de ci. em outros exemplos, uma pontuação de ci pode ser usada para derivar um valor para um token de ci."
112019008172,"MÉTODO IMPLEMENTADO POR COMPUTADOR PARA FACILITAR UM PROCESSO DE CONSENSO EM UMA REDE DE PROTOCOLO DE CONFIANÇA BASEADA NA TOLERÂNCIA A FALHAS BIZANTINAS PRÁTICAS, MEIO DE ARMAZENAMENTO NÃO TRANSITÓRIO LEGÍVEL POR COMPUTADOR E SISTEMA",ADVANCED NEW TECHNOLOGIES CO LTD,Ilhas Cayman,2018-11-07,"as formas de realização da presente invenção incluem a definição, por meio de um primeiro nó de consenso, de um cronômetro que se esgote antes de um tempo limite de uma mudança de exibição; enviar, para um segundo nó de consenso, uma solicitação para uma ou mais mensagens de consenso que faltam ao primeiro nó de consenso em resposta ao esgotamento do cronômetro; receber, do segundo nó de consenso, a uma ou mais mensagens de consenso, cada uma digitalmente assinada por uma chave privada de um nó de consenso correspondente, que gera as respectivas uma ou mais mensagens de consenso; e determinar que um bloco de transações é válido, se uma quantidade de mensagens de comprometimento incluídas nas uma ou mais mensagens recebidas de consenso for maior ou igual a 2f + 1, onde f é um número máximo de nós defeituosos que é tolerável pelo protocolo de confiança com base na tolerância a falhas bizantina."
112021024811,ATIVO TOKENIZADO RESPALDADO POR TÍTULOS DO GOVERNO E CLASSIFICAÇÃO DE IDENTIDADE E RISCO DE TRANSAÇÕES ASSOCIADAS A TOKEN,MILES PASCHINI NITIN AGARWAL,Estados Unidos,2019-06-10,"ativo tokenizado respaldado por títulos do governo e classificação de identidade e risco de transações associadas a token.  a presente invenção refere-se a um método para facilitação de troca de uma criptomoeda estável garantida por dívida emitida pelo governo. primeiro, parâmetros de granularidade são recebidos através de uma primeira interface de carteira de uma primeira carteira digital. uma primeira chave de uso restrito é gerada com base nos primeiros parâmetros de granularidade e fornecida a um proprietário de uma segunda carteira digital. uma segunda chave de uso restrito é gerada com base em segundos parâmetros de granularidade recebidos através de uma segunda interface de carteira associada com a segunda carteira digital. informação a partir de uma carteira blockchain é acessada usando a segunda chave de uso restrito em que informação se refere a uma ou mais de uma classificação de id e classificação de risco do proprietário da segunda carteira em um nível de detalhes determinado pelos segundos parâmetros de granularidade. uma indicação para prosseguir com uma transação entre a primeira carteira digital e a segunda carteira digital pode então ser recebida através da primeira interface de carteira."
112019011063,MÉTODO PARA UM SERVIÇO BASEADO EM PROTOCOLO DE CONFIANÇA E APARELHO PARA UM SERVIÇO BASEADO EM PROTOCOLO DE CONFIANÇA,ALIBABA GROUP HOLDING LTD,China,2018-03-30,"os dados de aparência de uma entidade alvo são coletados como dados de aparência, em que a entidade alvo compreende uma entidade física capaz de acessar, como um membro, um protocolo de confiança. os dados de aparência são registrados em um banco de dados distribuído associado ao protocolo de confiança como uma identidade da entidade alvo. uma transação alvo iniciada por um dispositivo de nó de membro no protocolo de confiança é recebida, em que a transação alvo compreende os dados de aparência da entidade alvo que é coletada pelo dispositivo de nó de membro e um evento de serviço que é relacionado à entidade alvo e que é detectado pelo dispositivo de nó de membro. um contrato inteligente que corresponde ao evento de serviço é invocado. com base na identidade indicada pelos dados de aparência da entidade alvo, uma lógica de serviço determinada no contrato inteligente é executada."
112019023080,FORNECIMENTO DE PAGAMENTOS EM CRIPTOMOEDAS ATRAVÉS DE UMA INTERFACE DE PROGRAMAÇÃO DE APLICATIVO DE NAVEGADOR,MONTICELLO ENTERPRISES LLC,Estados Unidos,2017-05-04,"um sistema e método de receber um pagamento são divulgados. o método inclui transmitir, de um site, para um navegador e através de uma interface de programação de aplicativo de solicitação de pagamento de navegador que define um protocolo para comunicar dados entre o site e o navegador, uma solicitação associada com uma compra potencial, em que a solicitação compreende uma identificação de um método de pagamento aceito pelo site, em que o método de pagamento utiliza uma criptomoeda e receber, no site, um pagamento de acordo com o método de pagamento, em que o método de pagamento utiliza a criptomoeda de acordo com um processo de pagamento de criptomoeda iniciado com base na solicitação transmitida através da interface de programação de aplicativo de solicitação de pagamento de navegador."
112020024952,SISTEMA DE PAGAMENTO E RESOLUÇÃO DE DISPUTA DE CONTRATO CRIPTOGRÁFICO,ROCKET LAWYER INC,Estados Unidos,2018-06-08,"a presente invenção refere-se a sistema e método para a criação de programas de computador de contratos inteligentes autoexecutáveis (""contratos inteligentes""), registrados em uma ou mais cadeias de blocos (""blockchains"") como contratos ""em cadeia"", que compreendem termos extraídos de máquina de contratos digitais não registrados em cadeia de blocos (""fora de cadeia""). os sistemas descritos incluem meios de conversão de moedas fiduciárias em tokens únicos e gerados criptograficamente (""tokens criptográficos""), em uma taxa de conversão de mercado preestabelecida, que não flutua após conversão inicial e até diretamente convertida de volta à moeda fiduciária original. os sistemas descritos facilitam o cumprimento digital automatizado dos termos de pagamento de contratos fora de cadeia por meio de contratos inteligentes em cadeia e tokens criptográficos. com o cumprimento de um contrato inteligente autoexecutável em cadeia, o sistema vai liberar automaticamente tokens criptográficos ou outra remuneração, que são retidos em custódia ou retidos por uma parte interessada. no caso de disputa de contrato, o sistema vai emitir um julgamento usando dados eletrônicos, regras predefinidas e lógica de máquina."
112021019019,"RÓTULOS DE PRODUTO, SISTEMAS DE IDENTIFICADOR CONFIÁVEL CONTENDO OS MESMOS E MÉTODOS DE USO DOS MESMOS",AVERY DENNISON RETAIL INFORMATION SERVICES LLC,Estados Unidos,2019-03-25,"rótulos de produto, sistemas de identificador confiável contendo os mesmos e métodos de uso dos mesmos. um sistema com base em livro razão distribuído e métodos para rastrear produtos usando os mesmos são descritos neste documento. o método garante a autenticidade permitindo a verificação da identidade digital de um item físico em cada etapa da cadeia de suprimentos. o método pode incluir receber e verificar chips de circuito integrado fabricados por um fornecedor confiável, montar os chips em um rolo embutido, montar os rolos embutidos em uma caixa de papelão, paletizar as caixas de papelão, atualizar o livro razão distribuído, por exemplo, blockchain, com rolo, caixa de papelão, e códigos de palete, receber recibo de um indivíduo confiável específico e adicionar verificação ao livro razão distribuído, por exemplo, blockchain, e ativar uma identidade digital. informações de gps podem ser associadas a cada etapa de modo a garantir que o produto esteja devidamente presente em determinados locais de fabricação e codificação. uma vez que uma identidade digital é produzida para o produto, ela pode ser adicionada para uso subsequente, conforme desejado."
112021016434,LIVRO DE REGISTRO DISTRIBUÍDO PARA MONITORAMENTO DE ANOMALIAS,EVERSEEN LTD,Irlanda,2019-03-15,"livro de registro distribuído para monitoramento de anomalias. a presente invenção refere-se a um sistema para monitoramento de anomalias em um ambiente predefinido que inclui um ou mais dispositivos de captura de imagem configurados para capturar uma ou mais imagens do ambiente predefinido em tempo real, um componente de detecção de processo configurado para detectar um ou mais processos alvo com base em dados de imagem capturados, cada processo alvo representando uma sequência de atividades de usuário no ambiente predefinido, uma unidade de cadeia de blocos configurada para armazenar os um ou mais processos alvo e um processo de referência na forma de um livro de registro distribuído privado, em que cada um dos processos alvo e do processo de referência incluem uma série de transações de processo, em que cada transação de processo é armazenada em uma forma criptografada na unidade de cadeia de blocos, e uma unidade de análise comunicativamente acoplada na unidade de cadeia de blocos, e configurada para analisar o livro de registro distribuído privado comparando cada processo alvo com o processo de referência para determinar uma ou mais anomalias no mesmo."
112020003689,MÉTODO E SISTEMA PARA TRANSMISSÃO DE IDENTIDADE SEGURA COM REDE DE SERVIÇOS INTEGRADA E ECOSSISTEMA DE APLICATIVOS,JEFFERY JESSAMINE,Estados Unidos,2017-08-22,"método e sistema para transmissão de identidade segura com rede de serviços integrada e ecossistema de aplicativos. trata-se de um método para gerar um conjunto de dados de identidade do usuário seguro, usando marcações de tempo e algoritmos que podem ser criptografados, cuja estrutura é gerada em uma comunicação inicial entre o dispositivo de comunicação do usuário e um servidor de identidade remoto. a identidade pode ser transmitida indefinidamente a um dispositivo cliente a partir de um dispositivo do usuário enquanto offline. a identidade segura do usuário existe dentro de uma rede universalmente acessível (compatível entre múltiplas plataformas, cadeias, sistemas, aplicativos, dispositivos e fabricantes) que fornece, ao usuário, acesso a serviços e recursos de provedores que se integraram à rede. a rede oferece um ecossistema de aplicativos permitindo uma família de aplicativos de software que executam tarefas e oferecem recursos (contratos inteligentes), tais como terminais de processamento de pagamentos, uso de ponto de venda e troca de moeda virtual, leitura e autenticação de bilhetes, e solicitação e recebimento de ofertas a partir dos provedores de serviços. a rede também possibilita que aplicativos de uma plataforma executem contratos inteligentes com aplicativos residentes em outras plataformas."
112019008140,"MÉTODO IMPLEMENTADO POR COMPUTADOR, MEIO DE ARMAZENAMENTO LEGÍVEL POR COMPUTADOR E SISTEMA PARA IMPLEMENTAR UM MÉTODO",ADVANCED NEW TECHNOLOGIES CO LTD,Ilhas Cayman,2018-11-07,"as implementações da presente divulgação incluem a obtenção, por um primeiro nó de consenso, de uma política de fluxo de trabalho para enviar dados de transação entre pelo menos dois nós clientes. a política é assinada digitalmente por cada um dos pelo menos dois nós clientes usando uma chave privada correspondente, e a política inclui uma ordem de roteamento dos dados da transação entre os pelo menos dois nós clientes. o primeiro nó de consenso também recebe os dados da transação enviados por um primeiro dos pelo menos dois nós clientes. os dados da transação são assinados digitalmente por uma chave privada do primeiro dos pelo menos dois nós clientes. o primeiro nó de consenso então encaminha os dados da transação para um segundo nó de consenso ou um segundo dos pelo menos dois nós clientes com base na política."
112020017309,PROCEDIMENTO PARA PROGRAMAÇÃO OU CONTROLE DOS MOVIMENTOS DE UMA DIVERSIDADE DE VEÍCULOS AO LONGO DE UMA REDE DE ROTAS DE TRÁFEGO,DEUTSCHE BAHN AG,Alemanha,2018-03-23,"a invenção se refere a um procedimento para programação ou controle de movimentos de uma diversidade de veículos ao longo de uma rede de rotas de tráfego, cujos nós e bordas são formados por elementos da rota de tráfego. o controle e a administração dos elementos da rota de tráfego por uma instância central estão sujeitos a falhas e demoram. portanto o objetivo desta invenção é fornecer um procedimento genérico que permite uma simplificação da infraestrutura técnica a ser fornecida dentro da rede e melhorar a sua disponibilidade e, portanto, também a resistência da rede a falhas técnicas. isso é conseguido de acordo com a invenção em que cada veículo, como uma entidade representada em um sistema de registro distribuído ledger, conclui acordos de transação com os elementos da rota de tráfego, que também são representados como entidades neste sistema de registro distribuído, sendo que cada acordo de transação de um veículo com um elemento da rota de tráfego inclui pelo menos uma especificação de tempo que define o período de ocupação do elemento da rota de tráfego pelo veículo."
112018074323,SISTEMA DE COMPUTADOR PARA DELEGAR COMPORTAMENTO ASSOCIADO COM UM CONTRATO INSTALADO EM UMA CADEIA DE BLOCOS PARA UM APLICATIVO QUE NÃO É DA CADEIA DE BLOCOS E MÉTODO EXECUTADO POR UM SISTEMA DE COMPUTAÇÃO,MICROSOFT TECHNOLOGY LICENSING LLC,Estados Unidos,2016-06-06,"a presente invenção refere-se a um método para delegar comportamento de um contrato inteligente associado com uma cadeia de blocos para código que não é parte da cadeia de blocos. um sistema direciona execução por uma máquina virtual do contrato inteligente. durante a execução do contrato inteligente, o contrato inteligente envia para um serviço de container de miniaplicativo de criptografia, via um delegado de criptografia, uma solicitação para delegar um comportamento para um miniaplicativo de criptografia que executa em um hospedeiro certificado. durante a execução, o serviço de container de miniaplicativo de criptografia identifica um hospedeiro para executar código do miniaplicativo de criptografia em um container de miniaplicativo de criptografia apropriado. o serviço de container de miniaplicativo de criptografia direciona o hospedeiro identificado para executar o código do miniaplicativo de criptografia para executar o comportamento delegado. após o comportamento delegado ser executado, o serviço de container de miniaplicativo de criptografia recebe a partir do miniaplicativo de criptografia uma resposta para o comportamento solicitado. o serviço de container de miniaplicativo de criptografia envia a resposta para o contrato inteligente na cadeia de blocos, a qual é verificada pelo delegado de criptografia."
112020012449,CADEIAS DE BLOCOS RÁPIDAS E RESILIENTES À PARTIÇÃO,ALGORAND INC,Estados Unidos,2017-12-19,"trata-se de um sistema de transação no qual as transações são organizadas em blocos, em que um novo bloco br de transações válidas é construído, com relação a uma sequência de blocos anteriores b0,..., br-1, fazendo com que uma entidade determine uma quantidade q a partir dos blocos anteriores, fazendo com que uma entidade use uma chave secreta a fim de computar uma linha s unicamente associada à q e à entidade, fazendo com que a entidade compute, a partir de s, uma quantidade t que é um dentre: s por si só, uma função de s e/ou um valor hash de s, fazendo com que a entidade determine a possibilidade de t possuir uma determinada propriedade e, se t possuir a determinada propriedade, fazer com que a entidade assine digitalmente um valor hash h de br e torne s, br disponível e uma versão digitalmente assinada de h, em que br pode ser proposto em etapas diferentes do ciclo r e pode ser proposto novamente múltiplas vezes durante o ciclo r, e uma entidade pode verificar um valor hash h de um bloco b independentemente de a entidade ter recebido ou não b."
102020005717,SEGURANÇA E RASTREAMENTO DE MÁQUINA E DADOS AGRONÔMICOS COM BASE EM TRANSAÇÃO DISTRIBUÍDA,FARMOBILE LLC,Estados Unidos,2019-03-26,"modalidades referem-se a um rastreamento de procedência com base em transação distribuído de dados agrícolas, ao acesso seguro a contas de usuário autorizadas, à auditabilidade de dados e à supervisão de transações dos dados quando trocados entre as contas de usuário. uma rede de livro razão distribuído que inclui um nó primário e uma pluralidade de nós secundários pode armazenar as transa-ções geradas com base em várias operações ou associadas a dados agrícolas, incluindo a certificação de porções selecionadas de dados agrícolas coletados por um dispositivo de coleta de dados, comandos recebidos dos dispositivos cliente associados a contas de usuário para compra ou licenciamento de dados agrícolas e tentativas detectadas de acessar os dados agrícolas, entre outras coisas. o nó primário provê uma variedade de características de segurança que podem garantir que os dados agrícolas estão protegidos, permanecem auditáveis pelo rastreamento de procedência dos dados agrícolas e não podem ser submetidas a venda não autorizada, e cada característica tem uma confiabilidade robusta com base nas transações imutáveis armazenadas em um livro razão distribuído."
112019020197,MÉTODO E APARELHO PARA PROCESSAR SOLICITAÇÕES DE TRANSAÇÃO,ALIBABA GROUP HOLDING LTD,China,2017-03-28,"trata-se de um método para processar uma solicitação de transação, implementável por um primeiro nó de transação que pode compreender: adquirir dados de transação de uma transação alvo, em que o primeiro nó de transação participa da transação alvo; determinar, de acordo com os dados de transação, um resumo de transação após uma pluralidade de nós de transação, cada um, assinarem um resumo de dados dos dados de transação, em que os nós de transação compreendem pelo menos o primeiro nó de transação e o um ou mais segundos nós de transação; gerar uma solicitação de transação que compreende o resumo de transação; e difundir a solicitação de transação para um ou mais nós de consenso, fazendo com que os nós de consenso, cada um, salvem o resumo de transação na solicitação de transação em uma cadeia de blocos após o resumo de transação passar a verificação de consenso, sendo que os nós de consenso são nós de cadeias de blocos, em que os nós de transação e os nós de consenso são nós de cadeias de blocos de uma rede de cadeia de blocos."
112021011216,"MÉTODO IMPLEMENTADO POR COMPUTADOR PARA CRIAR UMA CADEIA DE BLOCOS, MEIO DE ARMAZENAMENTO, DISPOSITIVO DE BORDA, E, PRODUTO DE PROGRAMA DE COMPUTADOR",SIEMENS AKTIENGESELLSCHAFT,Alemanha,2018-12-14,"método implementado por computador 
para criar uma cadeia de blocos, meio de armazenamento, dispositivo de 
borda, e, produto de programa de computador. a invenção se refere a um 
método implementado por computador para criar uma cadeia de blocos com 
blocos que compreende  um número ajustável de blocos de transação e 
múltiplos blocos intermediários, e a um meio de armazenamento de um 
dispositivo que faz parte de um sistema de banco de dados distribuído 
que compreende essa cadeia de blocos. um primeiro bloco intermediário é 
provido e pelo menos um segundo bloco intermediário é gerado, em que o 
segundo bloco intermediário faz referência a um bloco que o precede e 
pelo menos ao primeiro bloco intermediário."
112019022731,"MÉTODO IMPLANTADO POR COMPUTADOR PARA NEGOCIAÇÃO CRUZADA, UMA OU MAIS MÍDIAS DE ARMAZENAMENTO LEGÍVEIS E SISTEMA",ALIBABA GROUP HOLDING LTD,China,2019-01-31,"as implantações são direcionadas a negociação cruzada de ativos em redes de cadeia de blocos e incluem um primeiro nó que fornece informações de transação com base em um primeiro valor, um segundo valor e uma taxa de câmbio de um segundo nó, que recebe, do segundo nó, um primeiro conjunto de evidências, uma primeira prova de alcance e uma assinatura digital do segundo nó e submite a transação para verificação com base na primeira prova de alcance, uma segunda prova de alcance, o primeiro conjunto de evidências, um segundo conjunto de evidências, uma assinatura digital do primeiro nó e a assinatura digital do segundo nó, sendo que a transação é executada para diminuir um equilíbrio do primeiro nó pelo primeiro valor, aumentar um primeiro equilíbrio do segundo nó pelo primeiro valor, diminuir um segundo equilíbrio do segundo nó pelo segundo valor e aumentar um equilíbrio do terceiro nó pelo segundo valor."
102020024769,"MÉTODO E SISTEMA PARA ORDENAÇÃO, REPLICAÇÃO E REGISTRO TRANSPARENTES NÃO REPUDIÁVEIS DE OPERAÇÕES ENVOLVENDO DADOS PESSOAIS E MEIO NÃO TRANSITÓRIO LEGÍVEL POR COMPUTADOR",TELEFONICA DIGITAL ESPANA S L U,Espanha,2019-12-05,"método e sistema para ordenação, replicação e registro transparentes não repudiáveis de operações envolvendo dados pessoais e meio não transitório legível por computador um método, sistema e programas de computador para ordenação, replicação e registro transparentes não repudiáveis de operações envolvendo dados pessoais são revelados. o método compreende realizar, através de um usuário por meio de um dispositivo de computação, uma operação usando um nó de computação de controlador de dados, em que o dito nó de computação de controlador de dados tem autorização de gravação em uma primeira cadeia de blocos, sendo a primeira cadeia de blocos uma cadeia de blocos permissiva; armazenar, através do nó de computação de controlador de dados, informações pessoais do usuário em um sistema de armazenamento separado da primeira cadeia de blocos; e ancorar, através do nó de computação de controlador de dados, uma prova criptográfica da dita operação na dita primeira cadeia de blocos usando um algoritmo de hash que encadeia a operação a uma operação anterior realizada pelo dito usuário, sendo a prova criptográfica ancorada juntamente com uma série criptográfica de um certo comprimento."
112021026773,SISTEMA DE TRANSAÇÃO FINANCEIRA ELETRÔNICA QUE EMPREGA CRIPTOMOEDA E MÉTODO DE PAGAMENTO USANDO O MESMO,PHILLIPS MULTI CO LTD,Coreia do Sul,2019-09-17,"sistema de transação financeira eletrônica que emprega criptomoeda e método de pagamento usando o mesmo. são revelados um sistema de transação financeira eletrônica que emprega uma criptomoeda, sendo que o sistema possibilita uma transação financeira eletrônica através de uma criptomoeda em um caixa eletrônico ou uma loja online ou offline em que o uso de uma criptomoeda não é permitido; e um método de pagamento que usa o mesmo. com essa finalidade, a presente invenção fornece um sistema de transação financeira eletrônica que emprega uma criptomoeda, sendo que o sistema compreende: um terminal de usuário para solicitar uma transação financeira eletrônica por uma criptomoeda registrada por um usuário; e um servidor de câmbio que, através de uma solicitação a partir do terminal de usuário, analisa uma quantia da criptomoeda que corresponde a um preço-alvo da transação financeira eletrônica de acordo com um preço de mercado em tempo real da criptomoeda registrada pelo usuário e realiza uma liquidação da transação financeira eletrônica através daquela dita quantia da criptomoeda. de acordo com a presente invenção, um usuário pode realizar uma transação financeira eletrônica tal como comprar um produto ou um serviço através de uma criptomoeda de retenção ou através do câmbio da criptomoeda de posse por dinheiro cibernético através da aplicação de um preço de mercado em tempo real sem realizar o câmbio de uma criptomoeda de retenção para investimento em uma moeda fiduciária."
112022026277,MÉTODO E SISTEMA PARA ACEITAÇÃO DE CRIPTOMOEDA POR COMERCIANTES ATRAVÉS DE TRILHOS DE PAGAMENTO,MASTERCARD ASIA PACIFIC PTE LTD,Singapura,2020-06-24,"método e sistema para aceitação de criptomoeda por comerciantes através de trilhos de pagamento. a presente invenção refere-se a um método para aceitar pagamento por ca-deia de blocos em um dispositivo de ponto de venda tradicional por meio do proces-samento do emissor incluindo: receber uma solicitação de autorização para uma transação de pagamento fiduciário originada de um dispositivo de ponto de venda e roteada por meio de uma rede de pagamento, a solicitação de autorização incluindo um número de conta da transação e montante da transação; identificar a aceitação de pagamento por cadeia de blocos para uma conta de transação associada ao número da conta de transação; receber um endereço de destino para uma carteira eletrônica associada a uma rede de cadeia de blocos; transmitir uma nova transação por cadeia de blocos para um nó de cadeia de blocos na rede de cadeia de blocos incluindo o endereço de destino e um montante de criptomoeda com base no montante da transação; receber um identificador de transação do nó de cadeia de blocos; e transmitir uma resposta de autorização para a transação de pagamento fiduciário à rede de pagamento para roteamento para o dispositivo de ponto de venda incluindo uma indicação de aprovação da transação de pagamento fiduciário e o identificador da transação."
112019017409,MÉTODO PARA A VERIFICAÇÃO DE NEGÓCIOS E APARELHO PARA A VERIFICAÇÃO DE NEGÓCIOS,ALIBABA GROUP HOLDING LTD,China,2017-02-22,"a presente invenção divulga um método e aparelho para a verificação de negócios. no método, um primeiro nó de cadeia de blocos empacota pelo menos uma solicitação de negócios obtida de uma memória de negócios do mesmo em um bloco pré-processado e transmite o bloco pré-processado para os segundos nós de cadeia de blocos. se for constatado que uma memória de negócios que corresponde não inclui uma parte da solicitação de negócios no bloco pré-processado, um segundo nó de cadeia de blocos pode adquirir a parte da solicitação de negócios de outro nó de cadeia de blocos e realizar verificação de consenso no bloco pré-processado através do uso da parte da solicitação de negócios e uma solicitação de negócios armazenada na memória de negócios do mesmo. se o segundo nó de cadeia de blocos encontrar, depois de receber o bloco pré-processado, que a memória de negócios que corresponde não inclui uma parte da solicitação de negócios no bloco pré-processado, o segundo nó de cadeia de blocos não considera diretamente o bloco pré-processado como falho na verificação de consenso. em vez disso, o segundo nó de cadeia de blocos adquire a solicitação de negócios ausente de outro nó de cadeia de blocos para realizar uma verificação de consenso no bloco pré-processado. portanto, a precisão de processamento de negócios de todo o negócio de cadeia de bloco é efetivamente melhorada."
112019007128,MÉTODO PARA PROCESSAMENTO DE NEGÓCIOS E APARELHO PARA PROCESSAMENTO DE NEGÓCIOS,ALIBABA GROUP HOLDING LTD,China,2017-03-08,"o presente pedido divulga um método e aparelho para processamento de negócios. no método, um primeiro nó de cadeia de blocos pode enviar para uma rede de consenso uma solicitação de negócio gerada de acordo com informações de negócios enviadas por um usuário, de modo que quando um segundo nó de cadeia de bloco na rede de consenso verifica um resultado de negócio obtido por uma terceira cadeia de bloco nó na rede de consenso de acordo com a solicitação comercial como legal, o primeiro nó da cadeia de blocos é executado uma primeira operação designada ao acionar um primeiro contrato inteligente na solicitação comercial. o primeiro nó da cadeia de blocos utiliza o contrato inteligente que pode ser executado automaticamente, de modo que o primeiro nó da cadeia de blocos possa realizar automaticamente a primeira operação designada usando o primeiro contrato inteligente, quando o resultado comercial obtido pelo terceiro nó da cadeia de blocos pedido enviado pelo primeiro nó da cadeia de blocos passa a verificação realizada pelo segundo nó da cadeia de blocos. além disso, o segundo nó da cadeia de blocos pode verificar o resultado comercial obtido pelo terceiro nó da cadeia de blocos. portanto, todo o processo para processamento de negócios é fornecido com um sistema de imparcialidade, melhorando assim a imparcialidade do processamento de negócios."
112021002227,PLATAFORMA DE LIVRO CONTÁBIL DISTRIBUÍDO PARA CONTROLE DE ACESSO,KOCH INDUSTRIES INC,Estados Unidos,2018-08-07,"plataforma de livro contábil distribuído para controle de acesso 
trata-se de métodos, sistemas, aparelhos e produtos de programa de computador relacionados a uma plataforma/sistema de livros contábeis distribuídos para gerenciar grandes projetos de capital. em uma modalidade exemplificativa, a plataforma/sistema de livros contábeis distribuídos inclui uma pluralidade de nós, em que cada nó está em comunicação de dados com os outros nós; um livro contábil armazenado em cada nó; e uma verificação de transação para verificar a pelo menos uma informação/dado de transação. o livro contábil contém informações de transação relacionadas a pelo menos um dos seguintes: pagamentos do fornecedor, licenciamento de propriedade intelectual, certificações de construções, inspeções de equipamentos, qualificação do fornecedor, seleção de critérios do fornecedor, acesso a documentos e conformidade regulatória."
112019021204,LIVROS-RAZÃO PARCIAIS DE CADEIA DE BLOCOS,HEWLETT PACKARD DEVELOPMENT CO,Estados Unidos,2017-04-11,"exemplos divulgados neste documento dizem respeito a receber um registro de uma transação de dados entre dois participantes, criar uma entrada de livro-razão associada com o registro da transação de dados, anexar a entrada de livro-razão a um subconjunto de uma pluralidade de livros-razão parciais associados com uma cadeia de blocos, e atualizar uma tabela de conteúdos associada com cada um da pluralidade de livros-razão parciais associados com a cadeia de blocos."
112019017863,MÉTODO E APARELHO PARA GRAVAR DADOS DE SERVIÇO EM CADEIA DE BLOCOS E MÉTODO PARA DETERMINAR SUBCONJUNTO DE SERVIÇOS,ALIBABA GROUP HOLDING LTD,China,2017-02-28,"o presente pedido revela um método para gravar dados de transação em uma cadeia de blocos que compreende: obter uma pluralidade de partes de dados de transação a ser gravada em um cadeia de blocos; determinar subconjuntos de transações aos quais os dados de transação pertencem de acordo com os tipos de transação e/ou faixas de alteração de dados dos dados de transação, em que não há relação de dependência de transação entre os dados de transação pertencentes a subconjuntos de transações diferentes; e executar os subconjuntos de transações em paralelo, e gravar um resultado de execução na cadeia de blocos. o presente pedido revela adicionalmente um aparelho para gravar dados de transação em uma cadeia de blocos e um método para determinar um subconjunto de transações. o presente pedido pode alcançar a execução em paralelo de dados de transação sem uma relação de dependência de transação, reduzindo, por meio disso, o custo exigido para aprimorar a eficiência de execução de processamento de dados e aprimorar a expansibilidade."
112022024724,"NOTA BANCÁRIA, MÉTODO PARA EMITIR UMA NOTA BANCÁRIA, MÉTODO PARA USAR UMA NOTA BANCÁRIA, MÉTODO PARA PROCESSAR UM PAGAMENTO USANDO UM TERMINAL, MÉTODO PARA DETERMINAR UM VALOR NOMINAL ATUAL DE UMA NOTA BANCÁRIA, MÉTODO PARA SUBSTITUIR UMA NOTA BANCÁRIA",BUNDESDRUCKEREI GMBH,Alemanha,2020-06-05,"nota bancária, método para emitir uma nota bancária, método para usar uma nota bancária, método para processar um pagamento usando um terminal, método para determinar um valor nominal atual de uma nota bancária, método para substituir uma nota bancária. a invenção se refere a uma nota bancária (100) com um elemento de segurança com um processador (124) e uma memória (120). uma chave criptográfica privada (118) de um par de chaves assimétricas da nota bancária (100) é armazenada em uma área de memória protegida (122) da memória (120). o par de chaves assimétricas é atribuído a um endereço de blockchain específico de nota bancária em um blockchain (148). um método de pagamento executado com a nota bancária (100) compreende:  receber uma solicitação de pagamento para um pagamento com a nota bancária (100) na forma de uma transação de um montante a ser pago a partir do endereço de blockchain da nota bancária (100) para um endereço de blockchain de um beneficiário,  assinar uma aprovação de transação com a chave criptográfica privada (118) da nota bancária (100),  enviar a aprovação de transação assinada."
112018016234,"MÉTODO IMPLEMENTADO POR COMPUTADOR PARA CONTROLAR O ACESSO A UM RECURSO, SISTEMAS BASEADOS EM COMPUTADOR E MÉTODO PARA CONTROLE DE ACESSO A UMA CARTEIRA DIGITAL",NCHAIN HOLDINGS LTD,Suíça,2016-02-23,"a invenção fornece uma solução implementada por computador para controlar o acesso à um recurso relacionado a computador tais como, por exemplo, uma carteira digital. em uma ou mais modalidades, a carteira pode ser implementada utilizando um blockchain tal como blockchain do bitcoin, mas a invenção não é limitada neste respeito. a utilização da invenção durante a configuração inicial da carteira pode permitir operações subsequentes, tais como transações de carteira a ser conduzida de forma segura sobre um canal inseguro, tal como a internet. um método, de acordo com uma modalidade da invenção, pode compreender as etapas de dividir de um elemento de verificação (tal como uma chave privada em um par de criptografia assimétrico) em uma pluralidade de porções; determinar um segredo comum em dois ou mais nós em uma rede; e utilizar o segredo comum para transmitir pelo menos uma porção do elemento de verificação entre os dois ou mais nós. as porções podem ser divididas de tal modo a que nenhuma porção por si só seja suficiente para chegar ao elemento de verificação. isso significa apenas nenhuma parte armazene a chave privada inteira, fornecendo uma segurança melhorada da chave. duas ou mais porções são necessárias para restaurar a chave. as ações são armazenadas em locais separados, um dos quais é um local de back-up ou de armazenamento seguro independente. caso uma das outras porções se torne indisponível, a porção poderá ser recuperada a partir do backup para garantir que a chave (e, portanto, o recurso controlado) ainda seja acessível. para garantir a transmissão segura das(s) porção(ões), o segredo comum é gerado em dois nós diferentes independentemente uns dos outros e, em seguida, utilizado para gerar uma chave de criptografia. a chave de criptografia pode ser utilizada para criptografar pelo menos uma porção do elemento de verificação, ou uma mensagem que o compreende, para garantir que a(s) porção(ões) sejam transmitidos de forma segura."
112018072965,MÉTODO E SISTEMA PARA VERIFICAR A PROPRIEDADE DE UM ATIVO DIGITAL USANDO UMA TABELA DE DISPERSÃO DISTRIBUÍDA E UM LIVRO-RAZÃO DISTRIBUÍDO ATRAVÉS DE PEER-TO-PEER,NCHAIN HOLDINGS LTD,Suíça,2016-05-13,"um método implementado por computador (600) e um sistema (1) para verificar a propriedade de um software de computador para a instalação usando uma tabela de dispersão distribuída (13) e um livro-razão distribuído através de peer-to-peer (14). este pode ser o blockchain do bitcoin ou uma implementação de blockchain alternativa. o método inclui determinar (610) uma chave pública do segundo usuário associada a um segundo usuário (24) a partir de um registro de transação armazenado no livro-razão distribuído através de peer-to-peer (14). uma segunda chave pública associada ao segundo usuário pode ser determinada (620) a partir de uma entrada na tabela de dispersão distribuída (13). o método inclui, adicionalmente, comparar (630) a chave pública do segundo usuário e a segunda chave pública e verificar (640) a propriedade do software de computador com base na comparação da chave pública do segundo usuário e a segunda chave pública."
112018016825,"MÉTODOS PARA TRANSFERIR, CRIAR E RESGATAR UM PRIMEIRO TOKEN ASSOCIADO OU NÃO A UM ATIVO DIGITAL, CRIAR UM TERCEIRO TOKEN, PROGRAMA DE COMPUTADOR E DISPOSITIVO",NCHAIN HOLDINGS LTD,Suíça,2016-02-23,"um método para criar, resgatar e transferir tokens associados a tokens em um livro-razão distribuído através de peer-to-peer. o método inclui incluir metadados associados ao token em um script de resgate, em que o script de resgate é associado a uma transação de criptomoeda no livro-razão distribuído através de peer-to-peer. um aspecto da invenção fornece um método para emitir e/ou transferir um token, compreendendo as etapas de gerar uma transação blockchain (tx) com uma saída (tx o) relacionada a uma quantidade de criptomoeda, tal como bitcoin, e um hash de um script de resgate. o script de resgate compreende metadados que, por sua vez, compreendem um token. o token é uma representação de, ou uma referência para, uma entidade tokenizada. o script de resgate também compreende pelo menos uma (preferencialmente duas ou mais) chaves criptográficas públicas. os metadados são fornecidos no script de resgate em uma localização que é designada no protocolo blockchain subjacente como uma localização para uma chave criptográfica."
112018016822,"MÉTODO IMPLEMENTADO POR COMPUTADOR PARA REALIZAR UMA TROCA DE ENTIDADES ENTRE UM PRIMEIRO USUÁRIO E UM SEGUNDO USUÁRIO, PROCESSADOR E MEIO LEGÍVEL POR COMPUTADOR",NCHAIN HOLDINGS LTD,Suíça,2016-02-23,"a invenção provê um método seguro para a troca de entidades através de um blockchain. a invenção incorpora técnicas de tokenização, e também técnicas para a incorporação de metadados em um script de resgate de uma transação em blockchain. modalidade(s) proveem um método implementado por computador para realizar uma troca de entidades, o método compreendendo: receber, a partir de um primeiro usuário através de uma rede de comunicações, um primeiro convite para realizar a troca, o primeiro convite compreendendo um primeiro conjunto de metadados associados com o convite, em que o primeiro conjunto de metadados inclui uma indicação de entidades a serem trocadas e um primeiro conjunto de condições para a troca; gerar um primeiro script, o primeiro script compreendendo: o primeiro conjunto de metadados, uma chave pública do primeiro usuário (p1a) associada com o primeiro usuário, em que a chave pública do primeiro usuário (p1a) é um par de criptografia com a chave privada do primeiro usuário (v1a), e uma chave pública da primeira terceira parte (p1t) em associação com uma primeira terceira parte, em que a chave pública da primeira terceira parte (p1t) é um par de criptografia com a chave privada da primeira terceira parte (v1t); aplicar hash no primeiro script para gerar um primeiro hash de script; publicar o primeiro script e o primeiro hash de script em uma tabela de dispersão distribuída (dht), distribuída através de uma primeira rede; e transmitir, em uma segunda rede, um primeira transação de convite para a inclusão em um livro-razão distribuído peer-to-peer (p2p), a primeira transação de convite compreendendo uma indicação de uma primeira quantidade de uma criptomoeda a ser transferida e o hash de script."
112019010520,MÉTODOS PARA TRANSMITIR MENSAGENS E DISPOSITIVOS PARA TRANSMITIR MENSAGENS,ALIBABA GROUP HOLDING LTD,China,2017-03-24,"as implementações do presente pedido revelam um método e dispositivo para transmissão de mensagens. um dispositivo de processamento de mensagens é alocado para cada nó de consenso e um trabalho de difusão de uma mensagem entre nós de consenso é entregue aos dispositivos de processamento de mensagens para implementação. para um determinado nó de consenso, um dispositivo de processamento de mensagens correspondente ao nó de consenso pode criar um segmento para um dispositivo de processamento de mensagens correspondente a outro nó de consenso, para executar uma tarefa de difusão de mensagens, até que o dispositivo de processamento de mensagens correspondente ao outro nó de consenso receba uma mensagem de difusão. como tal, o segmento para executar a tarefa de difusão de mensagens consome apenas um recurso de computação do dispositivo de processamento de mensagens sem consumir um recurso do nó de consenso. portanto, nenhum ônus é causado no nó de consenso, de modo que o nó de consenso pode executar a verificação de consenso em um serviço de maneira mais eficiente."
112019007939,"MÉTODO IMPLEMENTADO POR COMPUTADOR, MEIO LEGÍVEL POR COMPUTADOR E SISTEMA PARA IMPLEMENTAR UM MÉTODO",ALIBABA GROUP HOLDING LTD,China,2018-11-27,"implementações do presente relatório descritivo incluem receber, de um contrato inteligente, e por meio de um controlador de função executando dentro da rede de protocolo de confiança, uma chamada de função para executar uma função, a chamada de função incluindo dados para execução da função, transmitir, por meio do controlador de função, os dados da chamada de função para um componente de função, o componente de função executando a função com base nos dados da chamada de função, receber, por meio do controlador de função, um resultado de função do componente de função, e fornecer, por meio do controlador de função, função resultado para o contrato inteligente."
102017028033,SISTEMA E MÉTODO PARA A CRIAÇÃO E O GERENCIAMENTO DE AUTORIZAÇÕES DESCENTRALIZADAS PARA OBJETOS CONECTADOS,BULL SAS,França,2016-12-28,"""sistema e método para a criação e o gerenciamento de autorizações descentralizadas para objetos conectados"". a presente invenção refere-se a sistemas e métodos de computação para a criação e o gerenciamento de autorizações de objetos de cadeias de blocos. os sistemas e os métodos, gerenciados por um número controlado de entidades governamentais, propiciam o gerenciamento de autorizações de acesso para um objeto conectado a um grupo variável de serviços. os sistemas e os métodos apresentam, portanto, várias vantagens, incluindo uma forte interoperacionalidade, uma forte resiliência, confidencialidade, autonomia, integridade garantida dos dados e rastreabilidade."
112021013128,LOCALIZAÇÃO PESSOAL COM BASE EM CADEIA DE BLOCO E DISPOSITIVO DE MENSAGEIRO E SISTEMA USANDO NETWORKING DESCENTRALIZADO DE MALHA,COUNTIA LLC,Estados Unidos,2019-01-02,"localização pessoal com base em cadeia de bloco e dispositivo de mensageiro e sistema usando networking descentralizado de malha. um dispositivo e sistema pessoal de localização e mensageiro (10) tendo uma rede de malha descentralizada (20), um blockchain (40) e um dispositivo (60) operativamente associado a um meio legível por computador não transitório. o blockchain (40) é implementado por meio de interfaces de programação de aplicativos e kits de desenvolvimento de software. o blockchain (40) está associado à rede de malha descentralizada (20) para definir uma plataforma de localização pessoal e uma plataforma de mensageiro. a rede em malha descentralizada (20) tem uma pluralidade de nós (22) operativamente associados uns aos outros. a rede de malha descentralizada (20) tem uma topologia de malha completa ou uma topologia de malha parcial. o dispositivo (60) se comunica através da rede de malha descentralizada (20). o blockchain (40) armazena uma localização pessoal (pl) e mensagens (m) fornecidas pelos usuários (50). a rede em malha descentralizada (20) divulga a localização pessoal (pl) e as mensagens (m)."
112018016245,"MÉTODO, DISPOSITIVO E SISTEMA PARA DETERMINAÇÃO DE UM SEGREDO COMUM PARA O INTERCÂMBIO SEGURO DE INFORMAÇÕES E CHAVES CRIPTOÓGRÁFICAS, SISTEMA PARA COMUNICAÇÃO E PROGRAMA DE COMPUTADOR",NCHAIN HOLDINGS LTD,Suíça,2016-02-23,"um método (300) e sistema (1) de determinar um segredo comum para dois nós (3, 7). cada nó (3, 7) tem um par de criptografia assimétrica, cada par incluindo uma chave privada mestre e uma chave pública mestre. as respectivas segundas chaves privadas e públicas podem ser determinadas com base na chave privada mestre, na chave pública mestre e numa chave determinística. um segredo comum pode ser determinado em cada um dos nós com base nas segundas chaves privadas e públicas. em um exemplo, um nó (3, 7) pode determinar o segredo comum com base em (i) uma segunda chave privada baseada na própria chave privada mestre do nó e na chave determinística; e (ii) uma segunda chave pública baseada na chave pública mestre do outro nó e na chave determinística. a invenção pode ser adequada para uso com, mas não limitado a, carteiras digitais, tecnologias de blockchain (por exemplo, bitcoin) e segurança de dispositivos pessoais."
112018076960,"MÉTODO, COMPUTADOR DO PROVEDOR DE SERVIÇOS, E, DISPOSITIVO DE COMPUTAÇÃO",VISA INT SERVICE ASS,Estados Unidos,2016-07-15,"um usuário pode associar um ativo digital correspondente a um valor com um dispositivo de transação a ser usado por outro usuário. por exemplo, um primeiro usuário pode carregar um ativo digital correspondente a uma quantia de criptomoeda em um dispositivo de transação, onde o primeiro usuário, em seguida, fornece o dispositivo de transação para um segundo usuário. o segundo usuário pode utilizar a quantia de criptomoeda no dispositivo de transação para realizar uma transação. a geração e o uso de ativos digitais podem ser gerenciados usando livros de contabilidade que armazenam dados na forma de blockchain."
112020008472,AUTENTICAÇÃO DE USUÁRIO USANDO INFORMAÇÃO DE CONEXÃO FORNECIDA POR UMA REDE DE CADEIA DE BLOCOS,LENOVO SINGAPORE PTE LTD,Singapura,2017-11-03,"aparelhos, métodos e sistemas são revelados para autenticação de usuário usando um pacote de informação de conexão fornecido por uma rede de cadeia de blocos 160. um aparelho 400 inclui um processador 405 e um transceptor 425 que recebe em 705, de um primeiro endereço em uma rede de cadeia de blocos 160, uma pluralidade de pacotes de informação de conexão e também recebe em 710, de uma primeira função 215, uma solicitação para autenticar um usuário 205. o processador 405 determina em 715 se a primeira função 215 está associada com um da pluralidade de pacotes de informação de conexão. em resposta à primeira função 215 estar associada com um pacote de informação de conexão válido da pluralidade de pacotes de informação de conexão, o processador 405 aceita em 720 a solicitação para autenticar um usuário 205."
112019002548,RASTREAR OBJETOS ATRAVÉS DE DIFERENTES PARTES,MICROSOFT TECHNOLOGY LICENSING LLC,Estados Unidos,2016-09-09,"a presente invenção refere-se a implementações do assunto descrito aqui, é proposta uma nova abordagem para controlar e rastrear um objeto através de várias partes. um conjunto de regras pode ser permitido pela confirmação de várias partes. o conjunto de regras pode definir restrições em operações relacionadas com o objeto. na recepção de uma solicitação para uma operação relacionada ao objeto, a operação solicitada pode ser verificada baseada no conjunto de regras acordado pelas várias partes. em resposta a verificação que a operação solicitada é válida, a operação solicitada pode ser realizada, e um registro para a operação pode ser criada e armazenada em um banco de dados blockchain acessível para as várias partes."
112018075453,"MÉTODO, COMPUTADOR, E, DISPOSITIVO DE COMPUTAÇÃO.",VISA INT SERVICE ASS,Estados Unidos,2016-06-28,"sistemas e métodos relacionados a um sistema criptomonetário que possibilita que transações sejam realizadas por transferência de ativos digitais correspondentes a quantias entre entidades adequadas são descritos. o sistema criptomonetário inclui um computador do provedor de serviços de ativos digitais que pode hospedar contas de ativo digital associadas a consumidores e provedores de recursos nos quais os ativos digitais podem ser recebidos. os consumidores podem não ter vínculos com bancos e usar suas contas de ativo digital para realizar transações sem dinheiro. em uma transação exemplificativa, um consumidor pode receber troco pela transação, uma vez que o ativo digital é atribuído a sua conta de ativo digital. em uma outra transação exemplificativa, o consumidor pode usar ativos digitais atribuídos a sua conta de ativo digital para pagar pela transação. as transferências de ativos digitais entre contas são gerenciadas por um livro de contabilidade das transações, que pode ser na forma de uma blockchain que protege de forma criptografada os dados que são armazenados."
112023001898,TÉCNICAS PARA VERIFICAR O ESTADO DE UM ITEM DURANTE O TRANSPORTE,QUALCOMM INC,Estados Unidos,2020-08-12,"técnicas para verificar o estado de um item durante o transporte. as técnicas descritas neste documento são direcionadas para verificar o estado de um item durante o transporte. em algumas modalidades, os dados de remessa, incluindo dados de sensor e/ou entrada de usuário, podem ser obtidos por um ou mais sensores e/ou dispositivo(s) de entrada de um contêiner de transporte (por exemplo, caixa, meio de transporte, contêiner personalizado, recipiente, contêiner inteligente, tote) que aloja o item durante o transporte. os dados de remessa podem ser transmitidos para um armazenamento de dados (por exemplo, blockchain, ledger imutável, tecnologia de ledger distribuído). no(s) momento(s) adequado(s), a localização do contêiner de transporte pode ser estimada e/ou identificada a partir dos dados de remessa obtidos a partir do armazenamento de dados. um estado do item pode ser verificado, pelo menos em parte, analisando os dados de sensor e/ou a entrada de usuário obtidos a partir do armazenamento de dados. utilizando as técnicas neste documento, pode-se determinar se o item foi mal manuseado e a probabilidade de que o item tenha sido afetado (por exemplo, danificado, deteriorado, etc.) durante o transporte."
112022000763,SISTEMAS E MÉTODOS PARA SEGURANÇA DE DISPOSITIVOS EM AMBIENTE DE COMPUTAÇÃO,INFILTRON HOLDINGS LLC,Estados Unidos,2019-07-17,"sistemas e métodos para segurança de dispositivos em ambiente de computação relatório descritivosistemas e métodos para segurança de dispositivos em ambiente de computação relatório descritivo. os sistemas e métodos de segurança monitoram continuamente as ameaças conhecidas e buscam proativamente informações sobre ameaças emergentes ou desconhecidas em dispositivos e dados. esforços de espionagem, ataques de spyware, phishing e vishing, entre outras ameaças, são usados por agentes mal-intencionados para atacar dispositivos e dados. os sistemas e métodos de segurança protegem dispositivos e/ou dados e quaisquer dispositivos e/ou dados associados, como anonimizando dispositivos e dados de clientes por meio de desconstrução e dispersão de dados, atribuindo os dados a um ou mais qubits (bit quântico) e distribuindo os qubits em uma blockchain. em alguns exemplos, os algoritmos são verificados para identificar se as entradas são destinadas ou inadvertidamente direcionadas a raças ou gêneros específicos. essas entradas podem ser usadas para tirar conclusões particulares sobre a raça do indivíduo, estado econômico, estado econômico da área, etc. como tal, um mecanismo de varredura de algoritmo protege contra vieses algorítmicos em relação à raça, gênero, estado econômico etc."
112020014857,SISTEMA E MÉTODO PARA SISTEMA DE COMPUTAÇÃO SEGURO DISTRIBUÍDO,GRAINCHAIN INC,Estados Unidos,2018-01-22,a presente invenção refere-se a um método para injetar dados em um sistema de computação distribuído seguro que inclui obter características de um objeto através de uma conexão operável segura de um silo inteligente. o método ainda inclui verificar uma identidade do silo inteligente com base em credenciais incluídas em uma mensagem do silo inteligente recebida através da conexão operável segura. o método ainda inclui fazer uma determinação de que as características correspondem a uma condição de gatilho de um contrato inteligente. o método ainda inclui executar o contrato inteligente em resposta à determinação.
112018070093,SISTEMAS E MÉTODOS PARA FORNECER VERIFICAÇÃO DE IDENTIDADE PESSOAL MULTIFATOR BASEADA EM CADEIA DE BLOCOS.,BLACK GOLD COIN INC,Estados Unidos,2016-03-28,"sistemas e métodos para fornecer verificação de identidade pessoal multifator baseada em cadeia de blocos. a verificação de identidade pessoal multifator em cadeia baseada em blocos pode ser fornecida. os endereços de verificação podem ser estabelecidos em uma cadeia de blocos: associando identificadores a indivíduos com identidades pessoais previamente verificadas, atribuindo endereços de verificação em uma cadeia de blocos aos indivíduos e registrando identificadores e dados biométricos associados aos indivíduos nos endereços de verificação correspondentes. a verificação de identidade pessoal multifator baseada em cadeia de blocos usando os endereços de verificação pode ser realizada: recebendo um ou mais identificadores em conexão com uma ou mais solicitações para verificar uma identidade de um ou mais indivíduos, extraindo os dados biométricos associados a um ou mais indivíduos dos endereços de verificação correspondentes e verificando a identidade de um ou mais indivíduos ao receber dados biométricos e chaves privadas correspondentes."
112017000613,PROTOCOLO DE REGISTRO DISTRIBUÍDO PARA INCENTIVAR COMÉRCIO TRANSACIONAL E NÃO TRANSACIONAL,LOYYAL HOLDINGS INC,Emirados Árabes Unidos,2014-07-11,"a presente invenção se refere em um aspecto para um método para incentivar comércio que compreende associação de uma carteira digital com um produto ou um serviço. em concordância com a presente invenção, a carteira inclui uma ou mais chaves privadas possuindo uma quantidade de fichas (tokens) associada. um comprador do produto ou serviço recebe a carteira como um incentivo para compra do produto ou do serviço."
112017023986,MÉTODO E SISTEMA PARA PROCESSAMENTO DE TRANSAÇÕES COM BASE EM CADEIA DE BLOCOS NAS REDES DE PAGAMENTO EXISTENTES,MASTERCARD INTERNATIONAL INC,Estados Unidos,2015-05-21,"a presente invenção refere-se a um método para autorização de uma transação com base em cadeia de blocos que inclui: receber uma solicitação de transação, a solicitação incluindo um identificador de rede associado com uma rede de cadeia de blocos, uma quantidade de transação e um dentre: uma chave pública e um identificador de endereço; gerar um identificador de endereço utilizando pelo menos a chave pública incluída na solicitação de transação recebida e um ou mais algoritmos de dispersão se a solicitação de transação recebida não incluir um identificador de endereço; gerar uma mensagem de transação, a mensagem incluindo um primeiro elemento de dados configurado para armazenar uma quantidade de transação e um segundo elemento de dados reservado para uso privado, e o primeiro elemento de dados incluindo um valor zero e o segundo elemento de dados incluindo pelo menos (i) o identificador de rede ou um valor codificado com base no identificador de rede, (ii) no identificador de endereço e (iii) na quantidade de transação; e transmitir a mensagem de transação a uma instituição financeira utilizando a rede de pagamento."
112020025811,DISPOSIÇÃO DE CADEIA DE BLOCOS COM TRANSAÇÃO RESTRITA,ALLFUNDS BANK S A U,Espanha,2019-07-18,"trata-se de uma disposição de cadeia de blocos configurada para distribuir simultaneamente ao menos uma transação pública e/ou uma transação restrita, em que a disposição inclui vários nós participantes (12) e vários nós validadores (13) interconectados por uma rede de telecomunicação (14); em que um nó participante (12) propositor é configurado para enviar a todos os nós validadores (13) os conteúdos de um registro de transação de informações tx junto com o identificador de um grupo de privacidade pré-configurado em particular; provendo assim as capacidades de anonimato e privacidade ao sistema de cadeia de blocos que distribui blocos de registros de transação de informações; de tal modo que ao menos um nó participante (12) receptor conectado a uma rede de cadeia de blocos (11) seja capaz de descriptografar, ler e executar os blocos de registros de transação de informações criptografados pelos nós validadores ou mineradores (13) na rede de cadeia de blocos (11)."
102021005262,PROCESSO DE IDENTIFICAÇÃO E RASTREABILIDADE DE GADO ATRAVÉS DE BIOMETRIA SEM CONTATO POR MEIO DE DISPOSITIVO MÓVEL,SISTEMA SUL COMERCIO E SERVICOS EM TECNOLOGIA DA INFORMACAO SA,Brasil,2021-03-19,"a presente patente de invenção refere-se a um inovador processo destinado a identificar e rastrear cabeças de gado através de biometria sem contato por meio do uso simples de aplicativo a ser instalado em dispositivos móveis. é cientificamente comprovado que, da mesma forma que cada ser humano tem uma digital única, cada animal tem um focinho (ou nariz) único. assim, foi desenvolvido um algoritmo que mistura o reconhecimento da impressão digital dos humanos com a leitura do qrcode, utilizando-se um software ligado a uma câmera comum que, pela simples foto do animal, o identifica rapidamente pelas características dos pontos nodais do focinho, gerando, assim, um banco de dados único com os dados cadastrais de cada animal acessado via blockchain privado."
112023022498,MÉTODO PARA FACILITAR COMUNICAÇÃO CRIPTOGRÁFICA POR MEIO DA INTERNET,TRIPLECYBER CORP,Israel,2021-04-29,"método para facilitar comunicação criptográfica por meio da internet. a presente invenção se refere a um servidor de comunicações que possibilita o registro de atores individuais na internet, a confirmação de suas identidades a um nível aceitável de confiança e a verificação de sua associação a determinados identificadores de usuário (tais como endereços de e-mail, números de telefone, nomes de domínio, nomes de usuário de aplicação e semelhantes), ou e/ou posse dos mesmos. a invenção também possibilita que atores da internet se comuniquem em diferentes níveis de segurança e criptografem ou assinem mensagens digitais e/ou documentos entre si ao mesmo tempo que mantêm uma posse e controle exclusivos de duas chaves privadas criptográficas. a fim de garantir que a integridade das informações do usuário no servidor de comunicações não foi comprometida, a invenção inclui modalidades para realizar periodicamente cópias de segurança de dados importantes em um formato de blockchain publicamente acessível que não pode ser facilmente alterado, porém que pode ser verificado independentemente."
112022017677,ATUALIZAÇÃO DE TRANSAÇÕES DE ATIVOS DIGITAIS EM DISPOSITIVOS ISOLADOS,GK8 LTD,Israel,2020-03-04,"atualização de transações de ativos digitais em dispositivos isolados. descreve, no presente documento, métodos e dispositivos para atualização de transações de ativos digitais em um dispositivo isolado, compreendendo (1) receber, pelo dispositivo, string(s) de comprimento limitado indicando um valor de ativos digitais transferidos de um ou mais outros dispositivos para uma conta associada com o dispositivo isolado em uma ou mais transações cada uma gravada em um blockchain com um respectivo identificador computado com base em valor(es) de entrada da respectiva transação que corresponde ao(s) valor(es) de saída de transação(ões) anterior(es) do qual o dispositivo isolado é informado e são armazenados em uma ordem predefinida em um depositário alocado para o dispositivo isolado no(s) outro(s) dispositivo(s); (2) inferir o respectivo identificador de cada transação, de acordo com o(s) valor(es) de saída da(s) transação(ões) anterior(s) identificada(s) com base no valor transferido, de acordo com a ordem predefinida; e (3) atualizar o dispositivo isolado com um balanço de ativos digitais da conta associada, de acordo com a(s) transação(ões)."
102022027004,CONVERSÃO DE CRÉDITOS DE CARBONO EQUIVALENTES DE APP'S E RESERVAS LEGAIS EM TOKENS,HELCIO FEIRE DO CARMO,Brasil,2022-12-29,"conversão de créditos de carbono equivalentes de app’s e reservas legais em tokens o presente processo trata da quantificação e outorga dos créditos de carbono equivalentes, retidos, conservados ou gerados em áreas de app’s (áreas de preservação permanente), reservas legais e áreas de recuperação ambiental, em propriedades rurais particulares, conforme registros no cadastro ambiental rural (car) do ministério do meio ambiente e a conversão desses mesmos créditos em “tokens”, criptoativos registrados em “blockchain” através da rede mundial de computadores, internet, transferidos aos titulares da matrícula do imóvel, para reserva ou comercialização “online” no mercado voluntário de créditos de carbono, através de plataformas especializadas ou diretamente pelos detentores dos direitos, com cotações determinadas pelo mercado, pareadas com outras moedas ou criptoativos, sendo que os critérios de quantificação/outorga desses são os parâmetros cientificamente determinados conforme o bioma onde a propriedade está inserida."
102021026638,"MÉTODO PARA AUTENTICAÇÃO ELETRÔNICA POR IDENTIFICADORES DESCENTRALIZADOS (DID), BASEADA EM CONTEXTO E POR MEIO DE CREDENCIAIS VERIFICÁVEIS",FUNDACAO CPQD CENTRO DE PESQUISA E DESENVOLVIMENTO EM TELECOMUNICACOES,Brasil,2021-12-28,"trata o presente pedido de patente da descrição de um novo método para autenticação eletrônica por identificadores descentralizados (did), baseada em contexto e por meio de credenciais verificáveis por blockchain, o qual leva em consideração o contexto do perfil do usuário, fornecendo, de forma clara e objetiva, o nível de acesso ao sistema onde ocorre a autenticação dependendo do contexto em que a transação é realizada, uma vez que a identificação de usuários de sistemas eletrônicos computacionais é fator crítico para o acesso à informações sigilosas e também à serviços de alta criticidade. o método aqui proposto permite resolver esse desafio analisando e identificando os usuários por meio de certificados validados por blockchain, eliminando, assim, fraudes e erros críticos em sistemas digitais."
102021023196,MÉTODO DE ARMAZENAMENTO DE TRILHA DE AUDITORIA DE ATIVOS TANGÍVEIS EM BASE DE DADOS DESCENTRALIZADA,SAFE TRACE INDUSTRIA E COMERCIO DE SISTEMA DE RASTREABILIDADE S A FUNDACAO CPQD CENTRO DE PESQUISA E DESENVOLVIMENTO EM TELECOMUNICACOES,Brasil,2021-11-18,"método de armazenamento de trilha de auditoria de ativos tangíveis em base de dados descentralizada. é revelado um método legível e executável em computador de armazenamento de trilha de auditoria de ativos tangíveis em base de dados descentralizada. o referido método é especialmente adaptado para integrar as entidades que fazem parte de uma cadeia produtiva, a fim de detectar a origem e acompanhar a movimentação de um produto ao longo desta cadeia produtiva por intermédio de registros informativos, e modo a desenvolver uma linha histórica a respeito de todos os processos pelos quais um determinado produto passou."
102018076774,SISTEMA ASSOCIATIVO DE CONTAS E CONEXÃO INTRANET,ARROWPLAN DO BRASIL CAMILO ROMA DE BRITO,Brasil,2018-12-20,"sistema associativo de contas e conexão intranet, na forma de invenção implementada por programa de computador composto de dois subsistemas um subsistema de contas e um substima de conexão. o subsistema de contas é por sua vez formado de 9 módulos cujo objetivo é gerar um sistema de registro de transações baseado em sistemas distribuido como blockchains com interfaces para usuário associado e investidores e módulo especial de estabilidade. o subsistema de conexão apresenta por sua vez o conjunto mínimo de 7 módulos cujo objetivo é, fazendo uso do subsitema de contas, fornecer uma base de operações de vendas para terceiros associados em diferentes níveis de proximidade do usuário associado diretamente conectado com o subsistema de contas."
102024017011,DETERMINAÇÃO DE VALOR DINÂMICO E CÁLCULO DE ROYALTY COM BASE EM DESEMPENHO DE TOKENS NÃO FUNGÍVEIS CRIADOS PARA ATIVOS AGRÍCOLAS,TATA CONSULTANCY SERVICES LTD,Índia,2023-08-21,"a presente invenção fornece um método e um sistema para a determinação de valor dinâmico e o cálculo de royalty com base em desempenho de tokens não fungíveis (nfts) criados para ativos agrícolas são descritos. o método habilita o confiável e autêntico rastreamento da posse e a remoção de fraudes/vieses que afetam a valorimetria do(s) dito(s) ativo(s), já que todas as transações são registradas e visíveis para todos na plataforma. vários vieses, tais como vieses local (ou espacial), temporal ou com base em julgamento humano nos existentes sistemas de valorimetria são removidos por ter abordagem de valorimetria dinâmica e com base em desempenho proposta nesta invenção. valorimetrias de nft de diário agrícola e arte agrícola dificilmente foram propostas em trabalhos anteriores. computações de royalty ou de recompensa a partir de nfts agrícolas não foram tentaras. assim, o método provê royalties/recompensas com base em desempenho ou criação (criação de ip, base de conhecimento, ip de indicação geográfica) para o titular do nft ou entidades envolvidas no processo."
102020024743,SISTEMA DE RASTREABILIDADE BOVINA POR CONSEQUÊNCIA,RANCHO SOLUCOES EM TECNOLOGIA LTDA,Brasil,2020-12-03,sistema para rastreabilidade bovina por consequência. a presente invenção se refere a uma plataforma tecnológica para consolidar as informações coletadas nas fazendas de pecuária utilizando aplicativos próprios ou permitindo o recebimento automático das informações dos sistemas de gestão durante toda a vida dos animais. essas informações são armazenadas utilizando tecnologia blockchain para garantia de inviolabilidade. o sistema faz o ranqueamento da rastreabilidade de cada animal e atribui a ele um selo de nível de rastreabilidade
102021007390,SISTEMA E/OU MÉTODO E/OU APLICATIVO DE CONSULTA E/OU ORGANIZAÇÃO E/OU GERENCIAMENTO E/OU RELATÓRIO E/OU ADMINISTRAÇÃO DE DOCUMENTOS DIGITAIS E/OU ELETRÔNICOS,FREDERICO MARQUES ALMEIDA DE LAFFITTE,Brasil,2021-04-18,"esta patente tem como objetivo proteger a definição, a tecnologia, o sistema e o modus operandi do método que pode ser implementado em qualquer sistema, website, aplicativo, rede social ou qualquer outro meio que se permita executá-lo, que consiste em um sistema integrando vários sistemas responsáveis pela emissão de notas fiscais, recibos, cupons fiscais e/ou outros tipos de documentos de quaisquer naturezas, gerenciando a emissão, recebimento e armazenamento desses documentos, disponibilizando para o usuário pagador/recebedor uma cópia eletrônica e/ou digital dentro de sua conta criada nesta solução, com front-end web e mobile para consulta, organização, gerenciamento, relatório e administração destes documentos. todos os documentos armazenados são registrados em uma blockchain para prova de autenticidade, trazendo confiabilidade ao sistema. utilizaremos web apis permitindo que o nosso serviço seja facilmente integrado a outros sistemas e/ou serviços, permitindo que os próprios emissores disponibilizem em seus respectivos aplicativos, áreas para que seus usuários tenham acesso aos documentos emitidos, autenticados e registrados em uma blockchain. embora um dos nossos propósitos seja nos tornarmos um centralizador de documentos digitais e/ou eletrônicos, também ofereceremos aos emissores a possibilidade de que disponibilizem em seus sites e/ou aplicativos, os documentos emitidos por eles mesmos."
102020026848,MÉTODO E SISTEMA DE ANÁLISE E AVALIAÇÃO DE RISCOS PARA SOLUÇÕES DE REGISTROS DISTRIBUÍDOS,FUNDACAO CPQD CENTRO DE PESQUISA E DESENVOLVIMENTO EM TELECOMUNICACOES,Brasil,2020-12-28,"método e sistema de análise e avaliação de riscos para soluções de registros distribuídos. o presente relatório detalhado acompanhado de figuras e tabelas ilustrativas descreve um novo método e sistema de análise e avaliação de riscos para soluções de registros distribuídos (dlt ou ainda de blockchain), o qual por meio de identificação do contexto da solução e dos domínios de registros distribuídos executa o cálculo e avaliação de riscos, fornecendo, de forma clara e objetiva, o plano de ação. uma vez que o risco da solução de registros distribuídos é identificado, essa ação auxilia o processo de implementação dos controles baseado no contexto de risco da solução, esse plano de ação se mostra extremamente eficiente, pois recursos são dispendidos de forma ordenada para que a solução de registros distribuídos seja a mais robusta e resiliente possível. o método e sistema proposto, considera não somente a busca de vulnerabilidades na plataforma de registros distribuídos, tais como: linguagens de programação, maturidade da plataforma, entre outros, mas também com foco nos dez (10) domínios de registros distribuídos da solução: (i) estratégia, (ii) chain, (iii) rede de consenso, (iv) desenvolvimento e gerenciamento de chaves, (v) acesso e gerenciamento de usuários, (vi) gerenciamento de dados, (vii) interoperabilidade e integração, (viii) escalabilidade e performance, (ix) conformidade e (x) governança, estabelecendo o plano de ação contendo atividades de curto, médio e longo prazo baseado nas camadas de registros distribuídos (i) aplicação, (ii) replicação, (iii) consenso, e (iv) rede. o método e sistema proposto objetiva abordar os principais desafios para avaliar o risco das soluções de registros distribuídos no determinado contexto e domínios de registros distribuídos. o método e sistema é composto por três (03) pilares principais: (i) contexto, (ii) domínios de registros distribuídos, e (iii) riscos."
102024003507,MÉTODO PARA REALIZAR TRANSAÇÕES EM SERVIÇOS DE CADEIA DE BLOCOS E SISTEMA PARA REALIZAR TRANSAÇÕES EM SERVIÇOS DE CADEIA DE BLOCOS,TELEFONICA INNOVACION DIGITAL SL,Espanha,2023-02-24,"método para realizar transações em serviços de cadeia de blocos e sistema para realizar transações em serviços de cadeia de blocos trata-se de um método e um sistema para realizar transações em serviços de cadeia de blocos. o método compreende a realização, por um usuário com o uso de um dispositivo de computação, de uma transação em um serviço de cadeia de blocos de uma determinada cadeia de blocos, sendo o serviço de cadeia de blocos oferecido por um provedor de serviços. a determinada transação é realizada com o uso de um número de telefone do usuário como um identificador de referência no serviço de cadeia de blocos, sendo o número de telefone associado a pelo menos um endereço público de uma conta de carteira do usuário."
102023018463,"SISTEMA DE MENSURAÇÃO, RELATO E VERIFICAÇÃO DIGITALIZADA",TERRA VISTA GESTORA DE RECURSOS LTDA,Brasil,2023-09-12,"a presente invenção refere-se um sistema de sistema digital de mensuração, relato e verificação, com a opção de utilização de tecnologia blockchain, que utiliza: bases de dados oficiais; imagens de satélite; e algoritmos; em que o sistema compreende ainda: um módulo de mensuração, configurado para receber informações de cadastro de propriedade rural, realizar o cálculo total da propriedade, avaliar o nível de regularidade fundiária da área utilizando as bases de dados e estimar o estoque de carbono; um módulo de relato, configurado para gerar relatórios de monitoramento; e um módulo de verificação, configurado para validar a elegibilidade de um projeto de crédito de carbono."
102023019095,"DETECÇÃO AUTOMÁTICA, EXTRAÇÃO E MEMORIALIZAÇÃO DE CONTEÚDO DE MÍDIA",AVAYA MANAGEMENT L P,Estados Unidos,2022-09-22,"as comunicações através de uma rede, tais como conferências eletrônicas, têm frequentemente uma pequena porção de conteúdo que é notável na totalidade das comunicações. ao identificar e preservar automaticamente tais porções notáveis, a ""pepita"" relevante das comunicações pode ser mantida sem exigir a preservação da totalidade das comunicações. a preservação pode compreender a conversão da porção notável em um token não fungível e a adição do token a uma blockchain onde ele pode ser trocado pelo proprietário para uma porção interessada."
102020020228,METODOLOGIA DE DIAGNÓSTICO E GESTÃO DE ESTRATÉGIAS PARA A EXPERIÊNCIA DO CLIENTE,ANALISE COM COMUNICACAO E MARKETING LTDA ME JULIANA CANDIDO CUSTODIO EUNICE CANDIDO LAUREANO,Brasil,2020-10-01,"aumentar o engajamento de clientes e garantir bons resultados das estratégias é um desafio crescente das empresas. diante disso, há necessidade de um método aplicado a todos os tipos de negócios, capaz de mapear e diagnosticar as estratégias propostas na área de gestão da experiência do cliente. o objetivo da presente invenção é sistematizar uma ferramenta para (1) fornecer diagnóstico preciso das empresas por meio de indicadores que direcionem a tomada de decisão; (2) fornecer indicadores de prioridades para mudanças e investimentos nas empresas; (3) possibilitar o acompanhamento da implementação de estratégias; e (4) criar comparativos de mercado. esta metodologia trata-se de uma ferramenta desenvolvida a partir de uma rotina de processos para serem utilizados pelas empresas, por meio de método estatístico, uso de sistema computacional e tecnologia blockchain, nas áreas de gestão estratégica, marketing, comunicação, recursos humanos, design e arquitetura comercial, mapeando, diagnosticando e criando planos de ação de forma simples e rápida."
102021012413,PROCESSO DE IDENTIFICAÇÃO E RASTREABILIDADE DE ALGODÃO EM CAROÇO E ALGODÃO EM PLUMA ATRAVÉS DE RÁDIO FREQUÊNCIA,FLAVIO TARASOFF SILVA,Brasil,2021-06-23,"processo de identificação e rastreabilidade de algodão em caroço e algodão em pluma através de rádio frequência. refere-se a presente patente de invenção a processo de identificação e rastreabilidade de algodão em caroço e algodão em pluma através do uso de tags com rádio frequência desde o plantio, passando pela aplicação de insumos e coleta de dados fitossanitários na lavoura, colheita, transporte, beneficiamento, armazenamento e distribuição até a cardação, gerando com isso a rastreabilidade da matéria-prima agregada de informações geográficas e de procedência, tendo como vantagens a redução de operações no campo, a automatização dos registros e acuracidade na identificação dos módulos/fardos de algodão em caroço, a agilidade na identificação de grandes quantidades de fardos de algodão, a geração de apontamentos sem a necessidade de intervenção humana para decodificação e a garantia de inviolabilidade dos dados para certificação através do uso de blockchain."
102021023130,SISTEMA DE TRANSAÇÃO IMOBILIÁRIA,NETSPACES GESTAO DIGITAL DE PATRIMONIO E RENDA LTDA,Brasil,2021-11-18,"sistema de transação imobiliária. o seguinte relatório descritivo para invenção refere-se ao desenvolvimento de um sistema de transação imobiliária, que usa tecnologia blockchain para digitalizar e permitir venda fracionada de imóveis, que permite transformar um imóvel em um código chamado de token e registrá-lo em uma espécie de livro contábil virtual (blockchain) que pode ser usado para registrar e validar transações de ativos pela internet, sendo o código do imóvel adicionado às escrituras tradicionais, que seguem arquivadas em cartório"
102021026263,MÉTODO PARA ASSINATURA ELETRÔNICA COM CERTIFICADOS DIGITAIS PADRÃO X.509 DE CREDENCIAIS VERIFICÁVEIS EMITIDAS POR APLICAÇÃO DESCENTRALIZADA BASEADA EM SISTEMA DE REGISTROS DISTRIBUÍDOS,FUNDACAO CPQD CENTRO DE PESQUISA E DESENVOLVIMENTO EM TELECOMUNICACOES,Brasil,2021-12-23,"o presente pedido se trata da descrição de um novo método para assinatura eletrônica com certificados digitais, no padrão x.509, na geração de credenciais verificáveis emitidas por aplicação de identidade digital descentralizada baseada em sistema de registros distribuídos, o qual levam em consideração a assinatura eletrônica de um documento verificável por meio de consultas a uma rede sistema de registros distribuídos e análise criptográfica usando os protocolos did (decentralized identifiers - identificadores descentralizados - idd) e vcs (verifiable credentials - credenciais verificáveis - cvs), usando, para isso, certificação digital com reconhecimento de assinatura eletrônica qualificada, em convergência. o documento a ser assinado pode ser um contrato de qualquer natureza, uma prescrição médica, um diploma, um arquivo com informações sigilosas, entre outros. independente do cenário, sempre haverá um signatário, que é quem emite e assina o documento em questão, e um remetente, que é quem irá receber e visualizar este documento. além disso, há a aplicação, que irá fazer todo o processo de assinatura digital usando certificados digitais x.509 e o mecanismo didcomm. o método foi dividido em 4 etapas, sendo que cada uma delas possui seus subtópicos."
102020014886,SERVIDOR DE IMPRESSÃO DE CONCURSOS PÚBLICOS E EXAMES DE ADMISSÃO SEGURO COM CRIPTOGRAFIA E REDE DESCENTRALIZADA VIA INTELIGÊNCIA ARTIFICIAL PARA SELECIONAR QUESTÕES DE PROVA,LEONARDO COELHO DAVID,Brasil,2020-07-22,"a presente patente de invenção refere-se a um inovador dispositivo de servidor de impressão de concursos públicos e exames de admissão seguro com criptografia e rede descentralizada blockchain via inteligência artificial para seleção de questões. o armazenamento em servidor em nuvem segura(1), seleciona questões de provas de concurso público e exames de admissão por meio de seleção através de software de inteligência artificial totalmente digital sem a ação humana, separando as questões por nível de dificuldade e nunca repetindo as mesmas nos exames. essa seleção só ocorre minutos antes de ser aplicado o exame. por medidas de segurança, o operador do sistema é responsável pela prova e determina qual o melhor canal de transmissão de dados seguro que será usado, por meio de transmissão via satélite(3). através de provedores de internet(4) ou através de rede de dados gsm lte de operadoras de telefonia celular(2). dessa forma os sinais digitais seguros são direcionados para o servidor de impressão seguro(5), e feita no local a autenticação do supervisor da prova autorizado previamente, através de chaves assimétricas para autorização de impressão em impressora convencional(6) a3 ou a4 de média produção no local do exame de admissão ou concurso público. as provas de exame de admissão ou concurso público e folha de respostas(7) são entregues de forma personalizada com o nome do candidato ou não dependendo da exigência do gestor, mas todas saem impressas com o local da prova, data e hora da impressão."
102024002990,MÉTODO PARA AUTENTICAÇÃO MULTIFATORIAL PARA SERVIÇOS DE CADEIA DE BLOCOS E SISTEMA PARA AUTENTICAÇÃO MULTIFATORIAL PARA SERVIÇOS DE CADEIA DE BLOCOS,TELEFONICA INNOVACION DIGITAL SL,Espanha,2023-02-15,"método para autenticação multifatorial para serviços de cadeia de blocos e sistema para autenticação multifatorial para serviços de cadeia de blocos um método e um sistema para autenticação multifatorial para serviços cadeia de blocos são propostos. o método compreende manter, por meio de um servidor, uma conta de um usuário final, sendo a conta identificável através de um accountid; associar o accountid a um clientaddr executando um processo de emparelhamento; estabelecer, pelo usuário final, por meio de um aplicativo de software, um status de aprovação para um serviço multifatorial no servidor; em resposta ao dito status de aprovação estabelecido, chamando, pelo servidor, uma função changestatus de um contrato inteligente de provedor multifatorial que opera em pelo menos uma cadeia de blocos, a função changestatus incluindo o status de aprovação multifatorial estabelecido, o clientaddr e um certificado denominado owneraddr; modificar, pelo provedor, o status de aprovação estabelecido na cadeia de blocos; entregar, pelo provedor, uma notificação ao usuário final através do servidor quando o status de aprovação estabelecido for modificado na cadeia de blocos; e recuperar, por um desenvolvedor de contrato inteligente, o status de aprovação estabelecido pelo fornecedor."
102021010251,MÉTODO INTERATIVO PARA BARTER RURAL,ANDRE AUGUSTO CEBALLOS MELO,Brasil,2021-05-27,"trata a presente invenção de um novo método interativo para barter destinado mais especificamente para a área rural, qual se trata de uma nova modalidade de token não lastreada em processamento computacional. onde o barter trona-se uma operação com ativo tokenizado associado a marketplaces/hub, rede sociais e hubs, em uma plataforma que mistura elementos de rede social com e-commerce, com o objetivo de aproximar compradores e vendedores que utilizam operações de barter e ainda fornecendo um espaço para troca de informações, com a criação e facilitação de contratos inteligentes. onde os tokens são usados para interações com produtores e fornecedores em um marketplace misto com rede social, levando em conta a confiabilidade gerada pelo feedback com as redes sociais."
112022013093,TÉCNICAS PARA CONTROLAR ACESSO A DADOS SEGMENTADOS,NAGRAVISION SA,Suíça,2019-12-31,"técnicas para controlar acesso a dados segmentados. técnicas para controlar o acesso a dados segmentados de uma pluralidade de usuários que é solicitada por pelo menos um dispositivo consumidor de dados. em resposta às condições especificadas nas comunicações entre pelo menos um sistema agregador de dados e o pelo menos um dispositivo consumidor de dados, as informações de um número de usuários que atendem aos critérios de pesquisa especificados são compartilhadas (por exemplo, por um tempo limitado). o uso dos dados em violação das condições especificadas pode desencadear penalidades sob um contrato inteligente em um livro-razão distribuído ou blockchain."
102022018543,SISTEMA DE TRANSAÇÃO ELETRÔNICA QUE EMPREGA O RECOLHIMENTO DE DOAÇÃO DE VESTUÁRIO EM GERAL QUE É CONVERTIDO EM CRIPTOATIVOS OU CUPONS ELETRÔNICOS QUE PODEM SER USADAS COMO MÉTODO DE PAGAMENTO,DENIZE DE MATTOS,Brasil,2022-09-16,"são apresentados um sistema de transação eletrônica que emprega o recolhimento de doação de vestuário em geral que é convertido em criptoativos ou cupons eletrônicos que podem ser usadas como método de pagamento em lojas e empresas parceiras, podendo também ser utilizadas como desconto ou bônus em compras; desta forma, peças de vestuários sem valor liquido de mercado, que dificilmente seriam doadas e que seriam dispensadas pelo usuario no lixo, diminuindo o seu ciclo de vida, são transformadas em um criptoativo ou cupom eletrônico que pode ser usado nas lojas e empresas parceiras do sistema eletrônico; incentivando a doação, neste caso, de forma direcionada à instituições tambem parceiras do sistema; com essa finalidade, a presente invenção, fornece um sistema de transação de trocas de vestuários por criptoativos: criptomoedas, tokens, nfts ou cupons eletrônicos, que podem ser usadas como pagamento, bônus ou descontos; sendo que o sistema compreende: um posto em loja ou empresa parceira, terminal, totem ou caixa eletrônico de coleta, que estão ligados ao sistema online, que por sua vez recepciona e coleta os vestuários doados, os quantifica, classifica e calcula seu valor de troca baseado em um algoritmo e transforma a doação em um criptoativo; de acordo com a presente invenção, ao depositar o vestuário, sendo que quanto mais peças, maior o valor do criptoativo, o usuário verifica o seu valor final de troca, escolhe a instituição social parceira que vai receber a doação, instituições essas que aumentaram o ciclo de vida das peças de vestuário, doando para pessoas necessitadas, realizando a revenda dessas peças para levantamento de fundos e convertendo em auxilios assistenciais, ao final escolhe a loja ou empresa parceira em que quer utilizar o criptoativo como pagamento, desconto ou bônus em compras, ao finalizar a transação online o codigo do criptoativo é enviado para a carteira eletrônica ou endereço eletrônico do usuário doador para que este possa fazer sua utilização na loja ou empresa parceira que escolheu."
102022005063,DISPOSITIVO E MÉTODO PARA CERTIFICAÇÃO DE PROCESSOS E PROJETOS COM EMISSÃO DE ATIVOS DIGITAIS OU TOKENS,AMARAL REMER RICARDO MARTINS FERNANDES RODRIGO ROGERIO ATEM DE CARVALHO,Brasil,2022-03-18,"dispositivo e método para certificação de processos e projetos com emissão de ativos digitais ou tokens. a presente invenção se situa nos campos da medição do desempenho de processos e certificação de processos. mais especificamente, proporciona um dispositivo e método de medição do desempenho de projetos e processos produtivos, além de proporcionar coeficientes de desempenho. em um aspecto, a invenção proporciona um dispositivo e método para a certificação de processos de emissão de ativos digitais ou tokens, podendo ser uma certificação integrada. o dispositivo da invenção é particularmente útil para a medição, documentação e tokenização, em plataformas ou tecnologias de blockchain, registro digital distribuído ou distributed digital ledger, de grandezas relacionadas à certificação de processos produtivos, bem como a geração de coeficientes relativos a essa certificação que são úteis para múltiplas operações economicamente relevantes."
102020012433,"SISTEMA E MÉTODO PARA DETECÇÃO E RASTREAMENTO DE ATIVOS, INTEGRAÇÃO E VALIDAÇÃO DOS DADOS OBTIDOS",GABRIEL RIBEIRO BORGES,Brasil,2020-06-18,"sistema e método para detecção e rastreamento de ativos, integração e validação dos dados obtidos. o sistema compreende um módulo de detecção e rastreamento de ativos (mdr) que detecta e rastreia ativos a serem monitorados por tecnologias de radiofrequência lidas por uma ou mais unidades leitoras (100), processadas em um módulo de processamento (102) e cujos dados são enviados armazenados em um módulo de armazenamento local (104) para envio a um servidor externo (122) através de uma interface de rede (120), e um módulo de conformidade (mc) que permite que o usuário possa inserir rotinas para verificar a conformidade de dados imputados como dados reais do projeto, de forma a prover um conjunto de informações compreensíveis e garantir dados estruturados e relatórios customizados, incluindo dados bim, e um módulo de contrato inteligente (mci), que faz uso de um componente de processamento de pedidos (902) em conjunto com o componente de processamento de licitação (904), permitindo a geração e validação independente de dados e acordos contratuais. cada módulo pode atuar de forma individual ou conjunta com os demais."
112019015066,SISTEMA DE CONEXÕES UNIVERSAIS DE BCHAIN TODOS/TUDO/TODA PARTE,SYED KAMRAN HASAN,Estados Unidos,2017-01-23,"sistema de conexões universais de bchain todos/tudo/toda parte a presente invenção fornece um sistema de coconexões universais bchain tudo/tudo o tempo/em todo lugar (ubec) que compreende: a) aplicações ubec operando de acordo com o protocolo bchain; b) rede bchain compreendendo uma pluralidade de nós bchain, que operam software de acordo com o protocolo bchain; c) appchains, que incluem programas de armazenamento, serviço e cálculo de dados que operam diretamente na rede bchain; d) inteligência de governança independente legislada da ubec (luigi), que compreende um mecanismo de controle artificialmente inteligente em uma plataforma ubec, onde no paradigma de interação do nó existente na rede bchain, a metachain é uma customchain que contém metadados que todos os nós na conexão de rede bchain para referências essenciais e primárias, onde a metachain rastreia informações fundamentais contendo locais de nó/setor, tendências de demanda de conteúdo e roteamento de salto para simplificar a configuração da infraestrutura, em onde cada nó bchain é obrigado a participar da leitura da metachain, onde as appchains são customchains que agem como contratos inteligentes avançados para fornecer informações através da infraestrutura que foi organizada pela metachain, onde as appchains podem ser referenciadas entre si para (...)."
112020006828,CONTRATOS INTELIGENTES DECLARATIVOS,ALGORAND INC,Estados Unidos,2017-10-04,"trata-se da ação de fazer com que um bloco em uma cadeia de blocos seja adicionado à cadeia de blocos que inclui fazer com que uma entidade receba informações que correspondem a um bloco anterior, fazer com que a entidade receba uma invocação declarativa de uma execução de contrato inteligente em uma determinada entrada, em que a invocação declarativa declara resultados relevantes da execução e outros dados relevantes, fazer com que a entidade verifique a validade sintática da invocação, e fazer com que a entidade incorpore a invocação declarativa no bloco em resposta à verificação da validade sintática da invocação. os resultados relevantes podem especificar efeitos líquidos da execução de contrato inteligente, um estado resultante do contrato inteligente após a execução e um número de etapas para a execução. os outros dados relevantes podem especificar um chamador da invocação declarativa, informações sobre tempo, informações de bloco e/ou uma taxa pagável."
112018072929,MÉTODO E SISTEMA PARA VERIFICAR A INTEGRIDADE DE UM SOFTWARE DE COMPUTADOR E PROGRAMA DE SOFTWARE DE COMPUTADOR,NCHAIN HOLDINGS LTD,Suíça,2016-05-13,"um método implementado por computador (900) e um sistema (1) para verificar a integridade de um software de computador para a instalação usando uma tabela de dispersão distribuída (13) e um livro-razão distribuído através de peer-to-peer (14). este pode ser o blockchain do bitcoin ou uma implementação de blockchain alternativa. o método inclui determinar (910) metadados associados a um registro de transação armazenado no livro-razão distribuído através de peer-to-peer (14). uma indicação de uma entrada armazenada na tabela de dispersão distribuída (13) pode ser determinada (920) a partir dos metadados. o método inclui, adicionalmente, determinar (930) um terceiro valor hash com base no software de computador e determinar (940) um quarto valor hash a partir da entrada na tabela de hash distribuída (13). o método inclui, adicionalmente, comparar (950) o terceiro valor hash e o quarto valor hash e verificar (960) a integridade do software de computador com base na comparação do terceiro valor hash e quarto valor hash."
112020011474,SISTEMA DE RECOMPENSA COMPUTORIZADO DE BENS DIGITAIS.,TRINDADE NEGRIER ALDRIC,Portugal,2017-12-06,"o presente pedido descreve um sistema de recompensa computorizado baseado em tecnologia de cadeias de blocos de registros descentralizada para recompensar o comportamento do usuário benéfico para a saúde. o sistema é compreendido por uma unidade de monitoramento (2) que inclui meios de sensores adaptados para recolher parâmetros físicos (6) de um usuário (1), de forma a criar um registo de atividade física (3), uma unidade de validação (4) com meios de processamento programados para correlacionar os parâmetros do registo de atividade física (3) de forma a detectar a execução de uma atividade física pelo usuário (1) e um sistema de disponibilização de recompensa (5) compreendendo uma rede posto a posto configurada para gerir uma plataforma de computação distribuída de cadeia de blocos de registros descentralizada para comunicação inter nodos. o referido sistema de disponibilização de recompensas (5) está programado para gerar e distribuir recompensas de bens digitais (8) posto-a-posto, no caso de detecção de uma atividade física (7) válida executada pelo usuário (1)."
102023007294,"MÉTODO DE MINERAÇÃO DE MOEDAS VIRTUAIS (BITCOIN, ETHEREUM E CRIPTOMOEDAS EM GERAL) BASEADAS EM BLOCKCHAIN COM UTILIZAÇÃO DE ENERGIA ELÉTRICA PROVINDA DE FONTES RENOVÁVEIS COMO BIOGÁS, ENERGIA EÓLICA E SOLAR",VINICIUS CASTANHEIRA DO NASCIMENTO,Brasil,2023-04-18,"Esta inveno envolve melhorias para o meio-ambiente utilizando a gerao de energia eltrica provindas de fontes renovveis para minerao de moedas virtuais baseadas em blockchain com grande consumo de energia eltrica no local de produo da mesma. Ao longo do tempo, vrios estudos tcnicos sobre o potencial energtico de fontes renovveis de energia foram e vem sendo desenvolvidos bem como as tecnologias e equipamentos para a transformao das fontes de energias renovveis em energia eltrica. Porm, a aplicao de grande parte destas tecnologias esta vinculada gerao de energia eltrica, sendo necessria inserir a energia produzida na rede de distribuio existente operada por concessionria. A presente inveno tem por objetivo principal apresentar um novo mtodo para um grande consumo de energia eltrica proveniente de fontes renovveis no prprio local da produo da mesma, evitando a ligao na rede de distribuio de energia eltrica. A inveno consiste na utilizao de computadores com amplo poder computacional e que requerem um alto consumo de energia eltrica que sero armazenados conjuntamente e colocados prximos aos equipamentos de gerao de energia eltrica atravs de fontes renovveis para minerao de moedas virtuais (Bitcoin, Ethereum e criptomoedas em geral) baseadas em blockchain. Como exemplo, podemos citar os aterros sanitrios, que atualmente so um grande problema ambiental para as cidades, que geram bastante gs metano (biogs) na decomposio do lixo orgnico. Esse gs metano gerado extremamente poluente ao meio ambiente e o responsvel pelo efeito estufa, alm do forte odor gerado nos arredores e ainda atraem urubus. Com o uso deste novo mtodo, possvel fazer a captura do biogs proveniente da decomposio do lixo orgnico atravs de tubulaes, instalar um gerador que produz energia eltrica e fornecer energia para o conjunto de computadores com amplo poder computacional para minerao de moedas virtuais baseadas em blockchain. O mesmo pode ser feito com energia elica e solar."
112024010460,RETRANSMISSÃO DE TRANSAÇÃO DE BLOCKCHAIN,CIRCLE INTERNET FINANCIAL LTD,Estados Unidos,2022-11-23,"Certos aspectos da presente divulgao fornecem tcnicas para retransmisso confivel de criptomoeda. De acordo com certas modalidades, aps uma transmisso de transao inicial, os sistemas divulgados escutam uma blockchain para determinar se a transao foi includa na blockchain. Se, aps um curto perodo de tempo, a transao no for confirmada, um registro do banco de dados da transao ser bloqueado para evitar retransmisso inadvertida. Enquanto o registro est bloqueado, o formato da transao e as informaes de repetio so verificados e, dependendo da blockchain, so atualizados. Para blockchains com taxa de transao, o sistema analisa as transaes recentes para determinar as taxas apropriadas e, se necessrio, atualiza a taxa de transao que acompanha a transao. Depois que as informaes de repetio forem verificadas/atualizadas e a taxa de transao for dimensionada adequadamente, o registro do banco de dados ser desbloqueado e a transao ser retransmitida."
112025003541,MÉTODO DE CRIAÇÃO DE BLOCKCHAIN E APARELHO RELACIONADO,HUAWEI TECHNOLOGIES CO LTD,China,2022-08-25,"Este pedido fornece um mtodo de criao de blockchain e um aparelho relacionado. O mtodo inclui: enviar uma primeira mensagem para pelo menos um primeiro n, onde a primeira mensagem para configurar o primeiro n para ser um n de blockchain; e receber uma primeira mensagem de indicao a partir do pelo menos um primeiro n, onde a primeira mensagem de indicao indica se o primeiro n foi configurado com sucesso. Um tipo do primeiro n inclui pelo menos um dos seguintes: um dispositivo terminal, um dispositivo de rede de acesso, um elemento de rede de ncleo, um n independente, um n de funo de aplicao, e um n de rede de borda. Com base nas solues em modalidades deste pedido, uma rede de comunicao pode ser combinada com uma tecnologia de blockchain, para facilitar a criao e o gerenciamento de um blockchain."
112024024016,GERAÇÃO DE MÍDIA DIGITAL COM BASE EM DADOS DE BLOCKCHAIN,SONOS INC,Estados Unidos,2023-05-09,"Contedo de mdia generativo (por exemplo, udio generativo) pode ser gerado dinamicamente com base em vrias entradas, as quais podem incluir dados de blockchain. Um dispositivo de reproduo acessa dados de blockchain armazenados por meio de um livro-razo distribudo e gera contedo de mdia com base, pelo menos em parte, nos dados de blockchain. O dispositivo de reproduo pode acessar uma biblioteca de segmentos de mdia preexistentes e organizar uma seleo de segmentos de mdia preexistentes da biblioteca para reproduo de acordo com um modelo de contedo de mdia generativo e com base, pelo menos em parte, nos dados de blockchain. O contedo de mdia gerado pode, ento, ser reproduzido por meio do dispositivo de reproduo."
112022019108,MÉTODO DE HABILITAR UMA OU MAIS ENTIDADES DE UM SISTEMA BLOCKCHAIN E SISTEMA,ALGORAND INC,Estados Unidos,2021-03-26,"A presente inveno refere-se a tcnicas para permitir uma ou mais entidades de um sistema blockchain para realizar operaes usando uma blockchain do sistema blockchain. Por exemplo, uma poro apagvel de uma transao pode ser apagada enquanto preserva uma poro no apagvel da transao. O bloco que contm a transao, incluindo a poro no apagvel, permanece um bloco vlido da blockchain."
112023013208,"MÉTODO PARA CONTROLE DE ACESSO COM BASE EM BLOCKCHAIN DE PERÍMETRO DEFINIDO POR SOFTWARE, HOSPEDEIRO ACEITANDO CONEXÃO DE PERÍMETRO DEFINIDO DE SOFTWARE, NÓ DE SISTEMA BLOCKCHAIN, E HOSPEDEIRO INICIANDO CONEXÃO DE PERÍMETRO DEFINIDO DE SOFTWARE","CHINA MOBILE COMMUNICATION CO LTD, RESEARCH INSTITUTE CHINA MOBILE COMMUNICATIONS GROUP CO LTD",China,2021-12-30,"So fornecidos, em modalidades da presente revelao, um sistema e mtodo com base em blockchain para controle de acesso SDP. Um hospedeiro aceitando conexo de SDP transmite informaes do hospedeiro aceitando conexo de SDP e uma poltica de conexo suportada a um n de sistema blockchain, realiza verificao e consenso de n de blockchain, e registra em uma contabilidade de blockchain; um hospedeiro iniciando conexo de SDP envia uma solicitao de autenticao de identidade ao n de sistema blockchain; o n de sistema blockchain verifica informaes da solicitao de autenticao de identidade, e procura por uma lista de hospedeiros aceitando conexo de SDP acessvel ao hospedeiro iniciando conexo de SDP, e retorna ao hospedeiro iniciando conexo de SDP; o hospedeiro iniciando conexo de SDP inicia uma solicitao de conexo, em que a solicitao de conexo compreende uma assinatura do n de sistema blockchain em relao aos hospedeiros aceitando conexo de SDP; o hospedeiro aceitando conexo de SDP verifica a solicitao de conexo iniciada pelo hospedeiro iniciando conexo de SDP e fornece um servio de acesso aps a verificao bem-sucedida. As modalidades da presente revelao impedem que um controlador de SDP seja submetido a um ataque de DDoS e impedem que o controlador de SDP implemente uma autorizao incorreta."
112022008616,"SISTEMA BLOCKCHAIN, MÉTODO DE HABILITAR UMA OU MAIS ENTIDADES DE UM SISTEMA BLOCKCHAIN, SISTEMA E MEIOS DE ARMAZENAMENTO DE DADOS",ALGORAND INC,Estados Unidos,2020-11-06,"Entre outras coisas, descreve-se um mtodo de habilitar uma ou mais entidades de um sistema de blockchain para realizar uma srie de operaes. O sistema de blockchain inclui uma cadeia principal, uma co-cadeia, em que a co-cadeia tem uma conta correspondente na cadeia principal, um ativo de propriedade da conta correspondente na cadeia principal e de propriedade de uma conta na co-cadeia, e uma conta na co-cadeia que possui o ativo. As operaes incluem a publicao de uma transao autenticada na co-cadeia, a transao autenticada autorizando a transferncia do ativo da conta na co-cadeia para uma conta na cadeia principal, determinando que a transao autenticada seja postada na co-cadeia, e postando, na cadeia principal, uma transao atribuindo o ativo conta na cadeia principal."
112025005809,DISPOSITIVO DE COMPARTILHAMENTO DE ALOJAMENTO USANDO BLOCKCHAIN E MÉTODO DE OPERAÇÃO PARA ISSO,CEONGUK EUI SEOLGEDO LC,Coreia do Sul,2023-09-27,"Um dispositivo eletrnico de acordo com uma incorporao da presente divulgao que um dispositivo de compartilhamento de acomodao usando uma blockchain pode incluir um mdulo de comunicao configurado para realizar comunicao aberta ou fechada com dispositivos eletrnicos externos, um processador configurado para controlar uma operao do mdulo de comunicao e uma memria conectada operativamente ao processador. A memria pode conter instrues. Quando as instrues so executadas pelo processador, o dispositivo eletrnico pode gerar um primeiro CID incluindo informaes sobre uma primeira casa ou uma sala da casa fornecida por um primeiro usurio. Quando as instrues so executadas pelo processador, o dispositivo eletrnico pode gerar uma blockchain para um bloco de acomodaes, incluindo informaes especficas de etiqueta com as quais o primeiro CID pode ser identificado, em um par se uma segurana para garantir o fornecimento da primeira casa ou do quarto da casa paga. Quando as instrues so executadas pelo processador, o dispositivo eletrnico pode gerar um blockchain para transferir um direito de posse da primeira casa ou da sala da casa em forma de token no fungvel (NFT) e fornecer o NFT ao primeiro usurio. Alm disso, vrias personificaes podem ser feitas."
112018072969,"SISTEMA DE COMPUTADOR E MÉTODO IMPLEMENTADO POR COMPUTADOR PARA VERIFICAR A PROPRIEDADE DE UM SOFTWARE DE COMPUTADOR, E PROGRAMA DE SOFTWARE DE COMPUTADOR",NCHAIN HOLDINGS LTD,Reino Unido,2017-05-12,"Um mtodo implementado por computador (600) e um sistema (1) para verificar a propriedade de um software de computador aps a instalao e antes da execuo usando uma tabela de disperso distribuda (13) e um livro-razo distribudo atravs de peer-to-peer (14). Este pode ser o blockchain do Bitcoin ou uma implementao de blockchain alternativa. O mtodo inclui determinar (610) uma chave pblica do segundo usurio associada a um segundo usurio (24) a partir de um registro de transao armazenado no livro-razo distribudo atravs de peer-to-peer (14). Uma segunda chave pblica associada ao segundo usurio pode ser determinada (620) a partir de uma entrada na tabela de disperso distribuda (13). O mtodo inclui, adicionalmente, comparar (630) a chave pblica do segundo usurio e a segunda chave pblica e verificar (640) a propriedade do software de computador com base na comparao da chave pblica do segundo usurio e da segunda chave pblica"
112024023613,TRANSAÇÕES DE PONTE DE TRANSFERÊNCIA ATÔMICA ENTRE DIFERENTES BLOCKCHAINS,CIRCLE INTERNET FINANCIAL INC,Estados Unidos,2023-04-06,"Certos aspectos da presente divulgao proveem tcnicas para fazer ponte de transferncia de transaes entre blockchains. O mtodo geralmente inclui receber uma solicitao para invocar uma transao atmica, incluindo operaes desempenhadas em uma primeira blockchain e operaes desempenhadas em uma segunda blockchain. Geralmente, a transao atmica concluda quando um conjunto enumerado de operaes concludo. Uma primeira operao no conjunto enumerado de operaes iniciada na primeira blockchain. Iniciar a primeira operao na primeira blockchain dispara o incio de uma ou mais segundas operaes na segunda blockchain. Concluso de uma ou mais segundas operaes para a transao atmica detectada na segunda blockchain, indicando que as operaes da transao atmica relevante para a segunda blockchain foram concludas na segunda blockchain. Com base na deteco da concluso das uma ou mais segundas operaes na segunda blockchain, a transao atmica finalizada na primeira blockchain."
112024010729,PROCESSAMENTO DE BLOCOS PARALELOS EM BLOCKCHAINS,CIRCLE INTERNET FINANCIAL LTD,Estados Unidos,2022-11-28,"Certos aspectos da presente divulgao fornecem tcnicas para relatar transaes em uma blockchain. O mtodo geralmente inclui instanciar uma pluralidade de processos de trabalho para processar blocos a partir de uma blockchain em paralelo. Cada processo de trabalho geralmente associado a um deslocamento em um buffer de blocos da blockchain a ser relatado a um ou mais recursos de computao. Um bloco em questo a ser relatado para um ou mais recursos de computao selecionado a partir do buffer. O bloco em questo geralmente um bloco inserido no buffer por um processo de trabalho. O bloco em questo validado com base em um nmero de bloco associado ao bloco em questo e um nmero de bloco de um prximo bloco a ser relatado. Com base na validao do bloco em questo, o bloco em questo relatado para um ou mais recursos de computao, e o bloco em questo marcado no buffer como um bloco relatado."
112025011565,MÉTODO DE ESTABELECIMENTO DE BLOCKCHAIN E APARELHO DE COMUNICAÇÃO,HUAWEI TECHNOLOGIES CO LTD,China,2022-12-07,"um primeiro blockchain, e envia primeira informação de indicação para um segundo elemento de rede de LAF correspondendo a uma primeira área de rede, em que a informação de requisito de estabelecimento de cadeia é usada para determinar um requisito do primeiro blockchain, a primeira informação de indicação é determinada com base na informação de requisito de estabelecimento de cadeia, e a primeira informação de indicação indica um requisito do primeiro blockchain na primeira área de rede."
112025003049,"SISTEMA DE VERIFICAÇÃO, SISTEMA QUE COMPREENDE UM SISTEMA DE IMAGEAMENTO E PROCESSAMENTO, E SISTEMA QUE COMPREENDE UM SISTEMA DE COMPILAÇÃO, DISTRIBUIÇÃO E ARMAZENAMENTO",KONINKLIJKE PHILIPS N V,Países Baixos,2023-08-15,"A presente inveno se refere a um provedor de sistema de imageamento (110) que fornece atualizaes para uma unidade de imageamento (120). Essas atualizaes so chamadas de configuraes e cada configurao tem uma data e hora associadas. O provedor armazena cada configurao e sua data e hora em uma blockchain (130). Quando a unidade de imageamento captura uma imagem de um paciente, a imagem recebe uma marca dgua (125) com uma identificao da configurao do sistema de imageamento no momento em que a imagem foi capturada. Quando o paciente (150) deseja verificar se a imagem foi capturada usando a configurao de data mais atualizada, o paciente envia uma identificao da imagem para um sistema de verificao (140). O verificador envia uma solicitao de prova da instalao de imageamento. A unidade de imageamento compara as informaes na marca d 'gua e as informaes na blockchain e fornece a prova ao sistema de verificao, que verifica a prova. Para garantir privacidade e segurana, um zk-SNARK usado para os processos de comprovao e verificao."
112024016679,PROCESSO PARA VERIFICAÇÃO DE IDENTIDADE E PLATAFORMA ASSOCIADA,CRYPTIC LABS LLC,Estados Unidos,2023-02-14,"Objeto desta Patente de Inveno, compreendendo um processo e uma plataforma para verificao de identidade que inclui a gerao de uma identidade Web3 usando a identidade legal raiz de um usurio. A plataforma de residncia digital e o sistema de verificao e os mtodos associados a ela incluem uma plataforma de residncia digital nativa de blockchain que faz a ponte entre a privacidade e a segurana da identidade Web3 com as capacidades e a validade das soberaniasglobais."
112024011287,MÉTODO DE ATRIBUIÇÃO DE INFORMAÇÃO REFERENTE A UM OBJETO FÍSICO A UM TOKEN NÃO FUNGÍVEL.,AUTHENTIC NETWORK GMBH,Alemanha,2022-12-09,"A inveno refere-se a um mtodo para atribuio de informao referente a um objeto fsico a um token no fungvel, em que o mtodo compreende as seguintes etapas: criao de um token no fungvel, especialmente em um blockchain, aquisio tica de imagem de um suporte de informao fsica, em que a imagem compreende pelo menos uma parte de imagem no codificada e pelo menos uma parte de imagem codificada, identificando a parte de imagem codificada, decodificando a parte de imagem codificada e atribuindo o resultado de decodificao ao token no fungvel. "
112025020185,SISTEMA E MÉTODO DE AUTENTICAÇÃO DINÂMICA DE PRODUTO ATRAVÉS DA IMPLEMENTAÇÃO DE TECNOLOGIA BLOCKCHAIN,CERTIBLOCK S A S,Colômbia,2024-03-12,"A presente inveno refere-se a um sistema inteligente de encapsulamento multicamadas que possibilita a liberao controlada de nutrientes e biopesticidas em ambientes agrcolas, a partir da leitura de parmetros ambientais como pH, umidade e temperatura. As cpsulas biodegradveis so formadas por polmeros como PLA, PHA, quitosana e slica coloidal, sensveis a estmulos ambientais, e possuem um ncleo com compostos ativos. O sistema integra sensores ambientais conectados via redes LoRaWAN ou NB-IoT a uma plataforma remota, que utiliza algoritmos de inteligncia artificial para interpretar os dados e acionar a liberao de insumos de forma precisa. O processo registrado por tecnologia blockchain para garantir rastreabilidade e integridade. A inveno contribui significativamente para prticas agrcolas mais sustentveis, reduzindo perdas por lixiviao, diminuindo o uso de insumos qumicos e emisses de carbono, e oferecendo maior eficincia no manejo de cultivos como gros, hortalias e frutferas."
102025007925,SISTEMA INTELIGENTE DE ENCAPSULAMENTO MULTICAMADAS COM LIBERAÇÃO CONTROLADA DE NUTRIENTES E BIOPESTICIDAS PARA APLICAÇÕES AGRÍCOLAS SUSTENTÁVEIS,CLEIDE PEREIRA REIS,Brasil,2025-04-23,"A presente inveno refere-se a um sistema inteligente de encapsulamento multicamadas que possibilita a liberao controlada de nutrientes e biopesticidas em ambientes agrcolas, a partir da leitura de parmetros ambientais como pH, umidade e temperatura. As cpsulas biodegradveis so formadas por polmeros como PLA, PHA, quitosana e slica coloidal, sensveis a estmulos ambientais, e possuem um ncleo com compostos ativos. O sistema integra sensores ambientais conectados via redes LoRaWAN ou NB-IoT a uma plataforma remota, que utiliza algoritmos de inteligncia artificial para interpretar os dados e acionar a liberao de insumos de forma precisa. O processo registrado por tecnologia blockchain para garantir rastreabilidade e integridade. A inveno contribui significativamente para prticas agrcolas mais sustentveis, reduzindo perdas por lixiviao, diminuindo o uso de insumos qumicos e emisses de carbono, e oferecendo maior eficincia no manejo de cultivos como gros, hortalias e frutferas."
112024004988,RASTREAMENTO SEGURO E VERIFICÁVEL DE PRODUTOS AGRÍCOLAS,AMVAC HONG KONG LTD,Hong Kong,2022-04-22,"Um sistema e mtodo implementado por computador para coletar e armazenar dados relacionados ao produto armazenado em um continer. Em resposta ao preenchimento do continer com o produto, os seguintes dados so armazenados em pelo menos um primeiro registro em um banco de dados externo (como um registro distribudo, por exemplo, blockchain): um tipo de produto do primeiro produto; uma quantidade do primeiro produto preenchida no primeiro continer; uma identidade nica do primeiro continer; e uma identidade nica de um primeiro usurio do primeiro continer no momento do preenchimento do primeiro continer com o primeiro produto. Os dados representando uma identidade nica de um mdulo de dados do continer no continer so armazenados no mdulo de dados do continer. Conforme o continer se move, dispensa o produto e sofre mudanas de posse e propriedade, dados representando tais eventos so armazenados no registro distribudo e/ou no mdulo de dados do continer."
112025003284,MÉTODO PARA REDUÇÃO DO CONSUMO DE COMBUSTÍVEL DE UM VEÍCULO,IVECO S P A,Itália,2023-08-16,"Mtodo (50) para reduo do consumo de combustvel de um veculo (10) opervel por um motorista, o mtodo sendo executado por meios de processamento (12, 20) e compreendendo: adquirir (S01) dados de conduo indicativos do funcionamento do veculo (10); determinar (S02), com base nos dados de conduo, uma pontuao de conduo indicativa de um grau de consumo de combustvel para operar o veculo (10) pelo motorista; associar (S03) pontuao de conduo um respectivo nmero de token indicativo de uma quantidade de tokens que depende do dito grau de consumo de combustvel do veculo (10); e atribuir (S04), atravs de blockchain, a quantidade de tokens a uma ou mais carteiras alvo (30, 40), a uma ou mais carteiras alvo (30, 40) sendo uma carteira de motorista (30) do motorista e/ou uma carteira de proprietrio de frota (40) de um proprietrio de frota de veculos que possui o veculo (10)."
202025006510,DISPOSITIVO DE LEITURA DE BRINCO ELETRÔNICO COM IDENTIFICAÇÃO POR RADIOFREQUÊNCIA (RFID) PARA FISCALIZAÇÃO E RASTREAMENTO DE BOVINOS EM FORMATO DE BASTÃO,ALFEU VILELA ALVES RODRIGO LOMBARDI MALUF CARLOS ALBERTO DIAS VASCONCELOS CAMILLO DUTRA BAZZANO,Brasil,2025-04-01,"A presente patente de modelo de utilidade, apresenta um dispositivo de leitura de brinco eletrnico com identificao por radiofrequncia (RFID) para fiscalizao e rastreamento de bovinos em formato de basto. O dispositivo tem como finalidade proporcionar uma gesto abrangente e automatizada do ciclo de vida de bovinos, desde o nascimento at o abate, com foco na fiscalizao e rastreamento dos animais, integrando mltiplas tecnologias, de modo a eliminar a necessidade de dispositivos intermedirios e assegurando uma transmisso segura e eficiente dos dados para servidores em nuvem. um dispositivo autnomo e porttil, apto a capturar informaes como identificao, localizao geogrfica e marcao temporal, criptografando-as (AES-256), antes de transmiti-las a um sistema em nuvem via tecnologia 4G. A adoo de blockchain assegura o armazenamento inviolvel dos dados e sua transparncia para todos os envolvidos, facilitando a integrao com o Sistema Brasileiro de Identificao Individual de Bovinos e Bfalos (SISBOV) e garantindo conformidade com as exigncias ambientais estabelecidas pela Conferncia das Naes Unidas sobre as Mudanas Climticas (COP30)."
102023027057,PLATAFORMA DE GESTÃO DE PROJETOS EM COMUNICAÇÃO COM SISTEMA INTERNET DAS COISAS PARA MONITORAMENTO E DE COMERCIALIZAÇÃO DE ATIVOS INTANGÍVEIS DE CARBONO UTILIZANDO MECANISMO DE BANCO DE DADOS PARA COMPARTILHAMENTO NA REDE,ALEXANDRE CHIACHIRI RODRIGUES SILVA ANDRE LUIZ JARDINI MUNHOZ BRUNO NUNES BOLZAM MAURICIO SCANNAPIECO MILTON INSUELA PEREIRA JUNIOR,Brasil,2023-12-21,"O dispositivo tem como finalidade proporcionar uma gesto abrangente e automatizada do ciclo de vida de bovinos, desde o nascimento at o abate, com foco na fiscalizao e rastreamento dos animais, integrando mltiplas tecnologias, de modo a eliminar a necessidade de dispositivos intermedirios e assegurando uma transmisso segura e eficiente dos dados para servidores em nuvem. um dispositivo autnomo e porttil, apto a capturar informaes como identificao, localizao geogrfica e marcao temporal, criptografando-as (AES-256), antes de transmiti-las a um sistema em nuvem via tecnologia 4G. A adoo de blockchain assegura o armazenamento inviolvel dos dados e sua transparncia para todos os envolvidos, facilitando a integrao com o Sistema Brasileiro de Identificao Individual de Bovinos e Bfalos (SISBOV) e garantindo conformidade com as exigncias ambientais estabelecidas pela Conferncia das Naes Unidas sobre as Mudanas Climticas (COP30)."
202024019611,EQUIPAMENTO DE CAPTURA E TRATAMENTO DE GASES DE EFEITO ESTUFAS EM AVIÁRIOS,GSX CONSULTORIA E ASSESSORIA EMPRESARIAL,Brasil,2024-09-24,"O presente pedido de patente de Modelo de utilidade, caracterizado essencialmente por a um sistema integrado de captura, armazenamento, tratamento de gases e sistema eltrico-mecnico, voltado para a avicultura; composto por: lavador de gases duplo em polipropileno (1) e exaustores (1.1); torre de recepo (2) com colmeia (2.1) e sprinklers (2.2), facilita o tratamento inicial dos gases capturados; tanque de dosagem (3), adiciona cido clordrico (HCl) para neutralizar os gases, alm de permitir o reaproveitamento da amnia; sistema de tubulao aerodinmica (4), transporta os gases para os lavadores (1) e exaustores (1.1), incluindo um plenun (1.2) para captao de ar; sistema de trocas de ar (5); Exaustor (1.1) em polipropileno e anti-centelha, remove os gases tratados, com dutos de descarga e pontos para medio de gases volteis; painel de comando (6) e inversor de frequncia (6.1), controla o sistema, ajustando a frequncia de operao conforme necessrio; comunicao remota (7) e IoT, permite o monitoramento e controle remoto do sistema, com segurana atravs de blockchain; sensores de pH (8), bombas (9) e dosadoras (10), automatizam o controle do processo de lavagem e tratamento da gua."
112023005238,PROCESSO E PLATAFORMA DE RASTREABILIDADE DE UM DOCUMENTO ANEXO GERADO POR UM TERCEIRO A PARTIR DE UM DOCUMENTO ORIGINAL ATRAVÉS DE UM SISTEMA DE CADEIA DE BLOCOS/BLOCKCHAIN,DAVRON DIGITAL,França,2021-09-22,"A inveno refere-se rastreabilidade de um documento anexo (DA) gerado por um terceiro (100) a partir de um documento original (D1). Uma fase de inicializao (S0) contem o registo e a anlise do documento original (D1) para obter meta-dados de inicializao depositados num contrato inteligente (B1) de um sistema de cadeia de blocos (B). Uma fase de processamento (S1) pelo terceiro (100) inclui a gerao do documento anexo (DA), sendo este e o documento original (D2) assinados eletronicamente pelo terceiro (100). Uma fase de receo (S2) contendo o registo e a anlise do documento original assinado (D2) e do documento anexo assinado (DA), para obter meta-dados de receo, depositados no contrato inteligente (B1). Um contrato inteligente (B1) arquivado aps cada fase de inicializao (S0) e de receo (S2), permitindo assim constituir uma pista de auditoria/ de rastreabilidade do documento anexo (DA) gerado pelo terceiro (100) a partir do documento original (D1)."
112019027873,ORDENAMENTO DE COMPROMISSO DE TRANSAÇÃO BLOCKCHAIN,INTERNATIONAL BUSINESS MACHINES CORPORATION,Estados Unidos,2018-06-18,"Uma função de blockchain pode incluir um ou mais de identificação de uma pluralidade de novas operações para ser cometidos para uma blockchain, determinar se qualquer uma da pluralidade de novas transações compreende uma dependência de dados com uma outra da pluralidade de novas transações e a transmissão de uma pluralidade de mensagens fornecendo validação da pluralidade das novas operações, em resposta à determinação."
112020011703,FORNECENDO ACESSO À REDE USANDO PAGAMENTOS EM BLOCKCHAIN,LENOVO SINGAPORE PTE LTD,Singapura,2017-12-12,"são revelados aparelhos, métodos e sistemas para acesso à rede usando pagamentos em blockchain. um aparelho 400 inclui um processador 405 e um transceptor 425 que recebe 905 uma mensagem de solicitação de autenticação para uma unidade remota, a mensagem de solicitação de autenticação incluindo um identificador de unidade remota, o identificador de unidade remota indicando que a unidade remota está solicitando acesso à rede por meio de um pagamento em blockchain. o processador 405 gera 910 um endereço para uma rede de blockchain indicada pelo identificador de unidade remota para receber o pagamento em blockchain. o transceptor 425 recebe 915 uma mensagem de informação de pagamento em blockchain da unidade remota e o processador 405 fornece 920 acesso à rede à unidade remota em resposta à validação com sucesso da informação de pagamento em blockchain recebida."
112019020374,"MÉTODO, APARELHO E SISTEMA PARA CONSENSO DE BLOCKCHAIN",ALIBABA GROUP HOLDING LTD,China,26/03/2018,"um método de consenso de blockchain pode compreender: adquirir dados de transação; e distribuir, de acordo com uma regra de distribuição predefinida, os dados de transação para pelo menos uma unidade de consenso em um conjunto de unidade de consenso, fazendo com que a pelo menos uma unidade de consenso execute o processamento de consenso nos dados de transação distribuídos."
112019016831,SISTEMA DE CADEIA DE BLOCOS E MÉTODO E APARELHO DE ARMAZENAMENTO DE DADOS,ALIBABA GROUP HOLDING LTD,China,2019-12-17,"as modalidades do presente pedido revelam um sistema de cadeia de blocos e um método e aparelho de armazenamento de dados. um sistema de cadeia de blocos compreendendo um centro de distribuição, um subsistema que não é de consenso e uma pluralidade de subsistemas de consenso é criado, em que o subsistema que não é de consenso compreende uma pluralidade de nós que não são de consenso, cada um dos subsistemas de consenso compreende uma pluralidade de nós de consenso, e cada um dos subsistemas de consenso é equivalente a uma cadeia de blocos de consórcio contendo a pluralidade de nós de consenso. como resultado, os subsistemas de consenso podem realizar validação de consenso para diferentes campos de transação. por um lado, somente os nós de consenso são responsáveis pela validação de consenso, e os nós que não são de consenso fora dos subsistemas de consenso não podem participar na validação de consenso por uma rede de cadeia de blocos de consórcio, melhorando assim a segurança da rede de cadeia de blocos; por outro lado, o centro de distribuição pode fazer interface com as cadeias de blocos de consórcio, e as entidades que não são de consenso (nós que não são de consenso) fora da rede de cadeia de blocos de consórcio só precisam fazer interface com o centro de distribuição, e não precisam fazer interface com uma pluralidade de cadeias de blocos de consórcio de acordo com diferentes protocolos de interface, melhorando assim a conveniência da rede de cadeia de blocos."
102025011532,Plataforma de processamento de dados e integração de operações de autenticação e identificação de chamadas telefônicas,Cleartech S.A.,Brasil,2025-06-06,"descreve-se uma plataforma de processamento de dados e integração de operações de autenticação e identificação de chamadas telefônicas (100), compreendendoum sistema autenticador de chamadas (50) que se comunica com uma prestadora de origem (20);um sistema verificador e identificador de chamadas (60) que se comunica com uma prestadora de destino (30); eum meio de processamento de dados de chamadas telefônicas;em que o meio de processamento de dados de chamadas telefônicas recebe chamadas telefônicas da prestadora de origem (20) que são autenticadas pelo sistema autenticador de chamadas (50), processa as chamadas telefônicas autenticadas de modo a gerar assinaturas que são armazenadas para serem verificadas e identificadas pelo sistema de verificador e identificador de chamadas (60) a partir de uma solicitação da prestadora de destino (30), quando esta recebe chamadas telefônicas da prestadora de origem (20), de modo que a autenticação, processamento das chamadas telefônicas autenticadas, verificação e identificação das chamadas ocorrem em um ambiente integrado e externo às redes das prestadoras de origem e destino (20, 30)."
102025006939,"Sistema para medição de gases de efeito estufa em áreas florestais e de poluentes atmosféricos em ambientes industriais, urbanos, residenciais, de agricultura e pecuária",South Brazil Mobility Ltda,Brasil,2025-04-08,"é descrito um sistema integrado para medição de gases de efeito estufa e geração automática de créditos de carbono em áreas florestais, com base em dados em tempo real. o sistema compreende uma unidade microprocessada (up) que recebe sinais de sensores de gases (sg), sensores pluviométricos (sp) e uma unidade de cromatografia líquida de alta eficiência (hplc), processando os dados localmente e transmitindo-os a uma unidade remota (upr) via módulo de comunicação (mc). os dados gerados possibilitam a certificação automática de créditos de carbono, com validade reconhecida por organismos internacionais, como a unfccc. o sistema também pode ser aplicado em ambientes urbanos, industriais, residenciais, de agricultura e pecuária para monitoramento contínuo da qualidade do ar, realizando a medição de gases e partículas atmosféricas conforme os parâmetros da resolução conama n° 506/2024, com geração automática de relatórios e suporte à conformidade ambiental."